title,price,rating,reviews,Manufacturer recommended age,country,link
"Smartivity Hydraulic Plane Launcher STEM DIY Fun Toy for Kids 6 to 12, Best Birthday Gift Toy for Boys & Girls Age 6-8-10-12, Science Toy, Educational Based Activity Game, Made in India",631,4.3,3341,6.0,India,https://www.amazon.in/sspa/click?ie=UTF8&spc=MTo3NzMyMzY5NDU2Njg1ODQ6MTY3NTkxNzcwNzpzcF9hdGY6MjAwODUxMTgzNDkxOTg6OjA6Og&url=%2FSmartivity-Hydraulic-Educational-Construction-Multi-Color%2Fdp%2FB08J3XJ1GK%2Fref%3Dsr_1_1_sspa%3Fkeywords%3Dtoys%26qid%3D1675917707%26sr%3D8-1-spons%26sp_csd%3Dd2lkZ2V0TmFtZT1zcF9hdGY%26psc%3D1
Einstein Box Electricity Kit | Science Project Kit | Electronic Circuits | Toys for Kids Age 8-14,799,4.2,2002,8.0,India,https://www.amazon.in/sspa/click?ie=UTF8&spc=MTo3NzMyMzY5NDU2Njg1ODQ6MTY3NTkxNzcwNzpzcF9hdGY6MjAwNzk4MTg0NTU0OTg6OjA6Og&url=%2FEinstein-Electricity-Science-Electronic-Circuits%2Fdp%2FB092JH5TDR%2Fref%3Dsr_1_2_sspa%3Fkeywords%3Dtoys%26qid%3D1675917707%26sr%3D8-2-spons%26sp_csd%3Dd2lkZ2V0TmFtZT1zcF9hdGY%26psc%3D1
Jungle Magic Doodle Waterz - Reusable I Water Colouring Book - Panchtantra Story I The Lion and The Rabbit I Self-Drying with Easy to Hold Water Pen I Educational Toy for kids,265,4.2,2487,3.0,China,https://www.amazon.in/sspa/click?ie=UTF8&spc=MTo3NzMyMzY5NDU2Njg1ODQ6MTY3NTkxNzcwNzpzcF9hdGY6MjAwNDExOTM4MjY2MDE6OjA6Og&url=%2FJungle-Magic-Panchatantra-Water-Reveal-Colouring%2Fdp%2FB08CVKG6FQ%2Fref%3Dsr_1_3_sspa%3Fkeywords%3Dtoys%26qid%3D1675917707%26sr%3D8-3-spons%26sp_csd%3Dd2lkZ2V0TmFtZT1zcF9hdGY%26psc%3D1
"Transformers Toys Studio Series 84 Deluxe Class Bumblebee Ironhide Action Figure - Ages 8 and Up, 4.5-inch",2699,4.4,3,8.0,Vietnam,https://www.amazon.in/sspa/click?ie=UTF8&spc=MTo3NzMyMzY5NDU2Njg1ODQ6MTY3NTkxNzcwNzpzcF9hdGY6MjAxMTAwMjk1NDY3OTg6OjA6Og&url=%2FTransformers-Studio-Deluxe-Bumblebee-Ironhide%2Fdp%2FB09H23V6GM%2Fref%3Dsr_1_4_sspa%3Fkeywords%3Dtoys%26qid%3D1675917707%26sr%3D8-4-spons%26sp_csd%3Dd2lkZ2V0TmFtZT1zcF9hdGY%26psc%3D1
SHINETOY ENTERTAIN KIDS TikTok Dancing Plush Toy (Talking Cactus),540,4.0,1464,1.0,China,https://www.amazon.in/SHINETOY-Dancing-Charging-Recording-Repeats/dp/B09HP8VJBB/ref=sr_1_5?keywords=toys&qid=1675917707&sr=8-5
"Storio Kids Toys LCD Writing Tablet 8.5Inch E-Note Pad Best Birthday Gift for Girls Boys, Multicolor (SC1667)",237,3.8,7973,1.5,India,https://www.amazon.in/Storio-Writing-Tablet-8-5Inch-Birthday/dp/B09CTRPSJR/ref=sr_1_6?keywords=toys&qid=1675917707&sr=8-6
Vebeto Dancing Cactus Talking Toy Kids 1 Year Warranty Children Electronic Plush Toys Baby Singing Wriggle Voice Recording Repeat What You Say LED Lights Toddler Educational Funny Gift Home Decoration,799,4.3,6751,0.5,India,https://www.amazon.in/VEBETO-Recording-Education-Children-Decoration/dp/B09QCYZT4S/ref=sr_1_7?keywords=toys&qid=1675917707&sr=8-7
"TENGOKU 15"" Boba Tea Plushie Authentic Brand Super Soft Plushie (Happy Boba)",1499,4.7,137,0.42,India,https://www.amazon.in/sspa/click?ie=UTF8&spc=MTo2MjI1ODQwNzIzNzA3OTc0OjE2NzU5MTc3MDc6c3Bfc2VhcmNoX3RoZW1hdGljOjIwMDU2NTI2ODk1NTk4OjowOjo&url=%2FTENGOKU-Plushie-Authentic-Brand-Super%2Fdp%2FB08R5TLXVD%2Fref%3Dsxin_16_pa_sp_search_thematic_sspa%3Fcontent-id%3Damzn1.sym.4d22510d-eb67-42e3-80e4-dd492aa3a3e0%253Aamzn1.sym.4d22510d-eb67-42e3-80e4-dd492aa3a3e0%26cv_ct_cx%3Dtoys%26keywords%3Dtoys%26pd_rd_i%3DB08R5TLXVD%26pd_rd_r%3D1cc208a0-3a0f-42de-b0a9-646526bdf8ad%26pd_rd_w%3D4gECn%26pd_rd_wg%3D9hrPb%26pf_rd_p%3D4d22510d-eb67-42e3-80e4-dd492aa3a3e0%26pf_rd_r%3D92Q8W9Q48Y89R918NDDP%26qid%3D1675917707%26sr%3D1-1-5b19f378-d955-407f-848e-18f7f0908484-spons%26sp_csd%3Dd2lkZ2V0TmFtZT1zcF9zZWFyY2hfdGhlbWF0aWM%26psc%3D1
Little Innocents BPA-Free Non Toxic Toddler Baby Rattles 9-Piece Rattle Set-1,399,4.3,1361,0.25,India,https://www.amazon.in/sspa/click?ie=UTF8&spc=MTo2MjI1ODQwNzIzNzA3OTc0OjE2NzU5MTc3MDc6c3Bfc2VhcmNoX3RoZW1hdGljOjIwMDQ2MzU1ODUwMTk4OjoxOjo&url=%2FLittle-Innocents-BPA-Free-Colorful-Multicolor%2Fdp%2FB09BCL4LCS%2Fref%3Dsxin_16_pa_sp_search_thematic_sspa%3Fcontent-id%3Damzn1.sym.4d22510d-eb67-42e3-80e4-dd492aa3a3e0%253Aamzn1.sym.4d22510d-eb67-42e3-80e4-dd492aa3a3e0%26cv_ct_cx%3Dtoys%26keywords%3Dtoys%26pd_rd_i%3DB09BCL4LCS%26pd_rd_r%3D1cc208a0-3a0f-42de-b0a9-646526bdf8ad%26pd_rd_w%3D4gECn%26pd_rd_wg%3D9hrPb%26pf_rd_p%3D4d22510d-eb67-42e3-80e4-dd492aa3a3e0%26pf_rd_r%3D92Q8W9Q48Y89R918NDDP%26qid%3D1675917707%26sr%3D1-2-5b19f378-d955-407f-848e-18f7f0908484-spons%26sp_csd%3Dd2lkZ2V0TmFtZT1zcF9zZWFyY2hfdGhlbWF0aWM%26psc%3D1%26smid%3DA1721XIG2WQFCJ
"AYREST Upgraded USB Charging Dancing Cactus Talking Toy for Baby. Funny Mimicking Copy Cactus Tree, Dancing Singing & Recording, Musical Cactus Plush Toy, Entertaining Education Toys for Children (Talking Cactus Toy)",569,4.0,77,0.5,China,https://www.amazon.in/sspa/click?ie=UTF8&spc=MTo2MjI1ODQwNzIzNzA3OTc0OjE2NzU5MTc3MDc6c3Bfc2VhcmNoX3RoZW1hdGljOjIwMTEyMjg3NTQ2Nzk4OjoyOjo&url=%2FCharging-Mimicking-Recording-Entertaining-Education%2Fdp%2FB09R84ZL4L%2Fref%3Dsxin_16_pa_sp_search_thematic_sspa%3Fcontent-id%3Damzn1.sym.4d22510d-eb67-42e3-80e4-dd492aa3a3e0%253Aamzn1.sym.4d22510d-eb67-42e3-80e4-dd492aa3a3e0%26cv_ct_cx%3Dtoys%26keywords%3Dtoys%26pd_rd_i%3DB09R84ZL4L%26pd_rd_r%3D1cc208a0-3a0f-42de-b0a9-646526bdf8ad%26pd_rd_w%3D4gECn%26pd_rd_wg%3D9hrPb%26pf_rd_p%3D4d22510d-eb67-42e3-80e4-dd492aa3a3e0%26pf_rd_r%3D92Q8W9Q48Y89R918NDDP%26qid%3D1675917707%26sr%3D1-3-5b19f378-d955-407f-848e-18f7f0908484-spons%26sp_csd%3Dd2lkZ2V0TmFtZT1zcF9zZWFyY2hfdGhlbWF0aWM%26psc%3D1%26smid%3DA1B21AJJE1EEMP
PLUSPOINT Baby's First Shape Sorting Blocks Sorter Bucket for Toddler & Kids (Shape Bucket),280,4.3,554,0.5,China,https://www.amazon.in/sspa/click?ie=UTF8&spc=MTo2MjI1ODQwNzIzNzA3OTc0OjE2NzU5MTc3MDc6c3Bfc2VhcmNoX3RoZW1hdGljOjIwMTAxNzQ5MDcwMzk4OjozOjo&url=%2FPLUSPOINT-Learning-Educational-Activity-Building%2Fdp%2FB07V6SSXWZ%2Fref%3Dsxin_16_pa_sp_search_thematic_sspa%3Fcontent-id%3Damzn1.sym.4d22510d-eb67-42e3-80e4-dd492aa3a3e0%253Aamzn1.sym.4d22510d-eb67-42e3-80e4-dd492aa3a3e0%26cv_ct_cx%3Dtoys%26keywords%3Dtoys%26pd_rd_i%3DB07V6SSXWZ%26pd_rd_r%3D1cc208a0-3a0f-42de-b0a9-646526bdf8ad%26pd_rd_w%3D4gECn%26pd_rd_wg%3D9hrPb%26pf_rd_p%3D4d22510d-eb67-42e3-80e4-dd492aa3a3e0%26pf_rd_r%3D92Q8W9Q48Y89R918NDDP%26qid%3D1675917707%26sr%3D1-4-5b19f378-d955-407f-848e-18f7f0908484-spons%26sp_csd%3Dd2lkZ2V0TmFtZT1zcF9zZWFyY2hfdGhlbWF0aWM%26psc%3D1
"wirescorts 5 layer ball drop and roll swirling tower for baby and toddler development educational toys | stack, drop and go ball ramp toy set includes 3 spinning acrylic activity balls- Multi color",499,4.4,1004,1.0,China,https://www.amazon.in/sspa/click?ie=UTF8&spc=MTo2MjI1ODQwNzIzNzA3OTc0OjE2NzU5MTc3MDc6c3Bfc2VhcmNoX3RoZW1hdGljOjIwMDM2NjI4ODEzODAyOjo0Ojo&url=%2Fwirescorts-swirling-development-educational-spinning%2Fdp%2FB08FM7F34J%2Fref%3Dsxin_16_pa_sp_search_thematic_sspa%3Fcontent-id%3Damzn1.sym.4d22510d-eb67-42e3-80e4-dd492aa3a3e0%253Aamzn1.sym.4d22510d-eb67-42e3-80e4-dd492aa3a3e0%26cv_ct_cx%3Dtoys%26keywords%3Dtoys%26pd_rd_i%3DB08FM7F34J%26pd_rd_r%3D1cc208a0-3a0f-42de-b0a9-646526bdf8ad%26pd_rd_w%3D4gECn%26pd_rd_wg%3D9hrPb%26pf_rd_p%3D4d22510d-eb67-42e3-80e4-dd492aa3a3e0%26pf_rd_r%3D92Q8W9Q48Y89R918NDDP%26qid%3D1675917707%26sr%3D1-5-5b19f378-d955-407f-848e-18f7f0908484-spons%26sp_csd%3Dd2lkZ2V0TmFtZT1zcF9zZWFyY2hfdGhlbWF0aWM%26psc%3D1
"Webby Beauty Set for Girls, Pink",249,3.5,10419,3.0,China,https://www.amazon.in/Webby-Beauty-Set-Girls-Pink/dp/B0136U8P5M/ref=sxin_17?asc_contentid=amzn1.osa.6d98c494-ba34-44e2-9783-fd4da8a7099b.A21TJRUUN4KGV.en_IN&asc_contenttype=article&ascsubtag=amzn1.osa.6d98c494-ba34-44e2-9783-fd4da8a7099b.A21TJRUUN4KGV.en_IN&content-id=amzn1.sym.feb2b32b-0085-4665-973c-36b431684408%3Aamzn1.sym.feb2b32b-0085-4665-973c-36b431684408&creativeASIN=B0136U8P5M&cv_ct_cx=toys&cv_ct_id=amzn1.osa.6d98c494-ba34-44e2-9783-fd4da8a7099b.A21TJRUUN4KGV.en_IN&cv_ct_pg=search&cv_ct_we=asin&cv_ct_wn=osp-single-source-pecos-desktop&keywords=toys&linkCode=oas&pd_rd_i=B0136U8P5M&pd_rd_r=1cc208a0-3a0f-42de-b0a9-646526bdf8ad&pd_rd_w=smfdK&pd_rd_wg=9hrPb&pf_rd_p=feb2b32b-0085-4665-973c-36b431684408&pf_rd_r=92Q8W9Q48Y89R918NDDP&qid=1675917707&sr=1-1-c84eb971-91f2-4a4d-acce-811265c24254&tag=indiatimesosp-21
"HUG 'n' FEEL SOFT TOYS Teddy Bear, Soft Toys, Teddy Bear 3 feet for Girls, Birthday Gift for Girls, Birthday Gift, Boyfriend, Husband, Wedding, Anniversary, Gift for Couple Special, (3 feet, Pink)",758,4.1,27519,3.0,India,https://www.amazon.in/Extra-Lovable-Huggable-Girlfriend-Birthday/dp/B07CXFKZ75/ref=sxin_17?asc_contentid=amzn1.osa.6d98c494-ba34-44e2-9783-fd4da8a7099b.A21TJRUUN4KGV.en_IN&asc_contenttype=article&ascsubtag=amzn1.osa.6d98c494-ba34-44e2-9783-fd4da8a7099b.A21TJRUUN4KGV.en_IN&content-id=amzn1.sym.feb2b32b-0085-4665-973c-36b431684408%3Aamzn1.sym.feb2b32b-0085-4665-973c-36b431684408&creativeASIN=B07CXFKZ75&cv_ct_cx=toys&cv_ct_id=amzn1.osa.6d98c494-ba34-44e2-9783-fd4da8a7099b.A21TJRUUN4KGV.en_IN&cv_ct_pg=search&cv_ct_we=asin&cv_ct_wn=osp-single-source-pecos-desktop&keywords=toys&linkCode=oas&pd_rd_i=B07CXFKZ75&pd_rd_r=1cc208a0-3a0f-42de-b0a9-646526bdf8ad&pd_rd_w=smfdK&pd_rd_wg=9hrPb&pf_rd_p=feb2b32b-0085-4665-973c-36b431684408&pf_rd_r=92Q8W9Q48Y89R918NDDP&qid=1675917707&sr=1-2-c84eb971-91f2-4a4d-acce-811265c24254&tag=indiatimesosp-21
"Jungle Magic Doodle Artz Music, White",382,4.3,4639,5.0,India,https://www.amazon.in/Jungle-Magic-Doodle-Music-White/dp/B07C4LYXYM/ref=sxin_17?asc_contentid=amzn1.osa.6d98c494-ba34-44e2-9783-fd4da8a7099b.A21TJRUUN4KGV.en_IN&asc_contenttype=article&ascsubtag=amzn1.osa.6d98c494-ba34-44e2-9783-fd4da8a7099b.A21TJRUUN4KGV.en_IN&content-id=amzn1.sym.feb2b32b-0085-4665-973c-36b431684408%3Aamzn1.sym.feb2b32b-0085-4665-973c-36b431684408&creativeASIN=B07C4LYXYM&cv_ct_cx=toys&cv_ct_id=amzn1.osa.6d98c494-ba34-44e2-9783-fd4da8a7099b.A21TJRUUN4KGV.en_IN&cv_ct_pg=search&cv_ct_we=asin&cv_ct_wn=osp-single-source-pecos-desktop&keywords=toys&linkCode=oas&pd_rd_i=B07C4LYXYM&pd_rd_r=1cc208a0-3a0f-42de-b0a9-646526bdf8ad&pd_rd_w=smfdK&pd_rd_wg=9hrPb&pf_rd_p=feb2b32b-0085-4665-973c-36b431684408&pf_rd_r=92Q8W9Q48Y89R918NDDP&qid=1675917707&sr=1-3-c84eb971-91f2-4a4d-acce-811265c24254&tag=indiatimesosp-21
Cable World® Realistic Mini Animal Figure Toy - Farm Animals Toys & Wild Animals Toys for Kids Animal Figure Playset - Jungle Animals Toys Set - Best Birthday Return Gifts for Kids - Small Size (31 Pcs),269,4.2,136,0.5,India,https://www.amazon.in/Cable-World%C2%AE-Realistic-Animal-Figure/dp/B0BNDTPY27/ref=sr_1_8?keywords=toys&qid=1675917707&sr=8-8
"Sanghariyat Big Size Monster Truck Friction Powered Cars Toys, 360 Degree Stunt 4wd Cars Push go Truck for Toddlers Kids Gift ( Pack of 2 Car ) ( Multi-Color )",289,3.9,616,1.0,China,https://www.amazon.in/Sanghariyat-Monster-Friction-Toddlers-Multi-Color/dp/B0B5LPBG2H/ref=sr_1_9?keywords=toys&qid=1675917707&sr=8-9
Amitasha Mechanics Helmet Tools Kit Toys for Kids - (Pack of 14 Tools),299,3.9,2278,3.0,India,https://www.amazon.in/Amitasha-Mechanics-Tools-Toys-Kids/dp/B07YQXQSX5/ref=sr_1_10?keywords=toys&qid=1675917707&sr=8-10
Richy Toys White Dog Cute Plush Soft Toys for Kids Birthday Gift 26 cm,177,4.1,2234,0.5,India,https://www.amazon.in/Babique-Cute-White-Animal-Birthday/dp/B06XH1TDRR/ref=sr_1_11?keywords=toys&qid=1675917707&sr=8-11
SUPER TOY 8.5 Inch LCD Writing Tablet E-Notepad Ruff Pad (Multicolor),249,3.8,21173,3.0,China,https://www.amazon.in/SUPER-TOY-Writing-Tablet-8-5Inch/dp/B07Z7QDH3D/ref=sr_1_12?keywords=toys&qid=1675917707&sr=8-12
"QUIQSHIPP 6 Slids, 48 Patterns Projector Flashlight Torch, Kids Projection Light Toy Education Learning Night Light Before Going to Bed Best Gift for Kids 7 Years boy or Girl Learning and Playing",289,4.8,30,5.0,China,https://www.amazon.in/QUIQSHIPP-Projector-Flashlight-Projection-Education/dp/B0BSGLHX45/ref=sr_1_13?keywords=toys&qid=1675917707&sr=8-13
"FunBlast DIY Plastic Building Blocks for Kids Building Blocks Toy for Kids Puzzle Games for Kids, Toys for Children Educational & Learning Toy for Kids, Girls & Boys - (250+ Blocks with 38 Wheels) -Made in India",347,3.9,12753,3.0,India,https://www.amazon.in/FunBlast-Plastic-Building-Blocks-Puzzle/dp/B09QYXQCWY/ref=sr_1_14?keywords=toys&qid=1675917707&sr=8-14
"HSR Pop Pack of 5 Tube Sensory Fidget Toy, Multi-Color Stretchable Pipes Pre-Kindergarten Finger Toys Stress Reducer Anxiety Relief Decompression ​Bendable Pop Toy for Kids & Adults (Multicolor)",247,4.5,225,5.0,India,https://www.amazon.in/HSR-Multi-Color-Stretchable-Pre-Kindergarten-Decompression/dp/B09NGWKTSX/ref=sr_1_15?keywords=toys&qid=1675917707&sr=8-15
"TEC TAVAKKAL Plastic Battery Operated Converting Car to Robot, Robot to Car Automatically, Robot Toy, with Light and Sound for Kids Indoor and Outdoor 3 Year, Pack of 1, Red or Blue",574,3.6,5194,3.0,India,https://www.amazon.in/Tavakkal%C2%AE-Operated-Converting-Automatically-Transformer/dp/B07RYLYWMK/ref=sr_1_16?keywords=toys&qid=1675917707&sr=8-16
"Supreme Deals Mini Monster Truck Friction Powered Cars Toys, 360 Degree Stunt 4wd Cars Push go Truck for Toddlers Kids Gift ( Pack of 2 Car ) ( Multi-Color )",277,4.1,2354,1.0,India,https://www.amazon.in/Supreme-Deals-Friction-Toddlers-Multi-Color/dp/B09DZ18SRG/ref=sr_1_17?keywords=toys&qid=1675917707&sr=8-17
Cable World Plastic Luxury Kitchen Set Cooking Toy with Briefcase and Accessories (Yellow),399,3.8,7376,3.0,China,https://www.amazon.in/Cable-Kitchen-Cooking-Briefcase-Accessories/dp/B08MWFW1M6/ref=sr_1_18?keywords=toys&qid=1675917707&sr=8-18
WireScorts® Smart Phone Cordless Feature Mobile Phone Toys Mobile Phone for Kids Phone Small Phone Toy Musical Toys for Kids Smart Light Birthday Gifts for Boys & Girls Multi Color,339,3.9,222,3.0,China,https://www.amazon.in/WireScorts%C2%AE-Cordless-Feature-Musical-Birthday/dp/B09MHY2VR6/ref=sr_1_19?keywords=toys&qid=1675917707&sr=8-19
Smart Picks Drop Puzzle Game Multicolor,103,3.8,4493,3.0,India,https://www.amazon.in/Smart-Picks-Drop-Puzzle-Game/dp/B08G1VVQC2/ref=sr_1_20?keywords=toys&qid=1675917707&sr=8-20
Wembley Kids Toys Blocks for Kids 3 years and Above Children Toys Kids Playing Items Indoor Early Development & Activity Toys Improve Logical Thinking and Cognitive Skills of Kids (250 Pcs) Multicolor,299,3.8,61,3.0,India,https://www.amazon.in/sspa/click?ie=UTF8&spc=MTo3NzMyMzY5NDU2Njg1ODQ6MTY3NTkxNzcwNzpzcF9tdGY6MjAwNjg5NzE1MzQ5OTg6OjA6Og&url=%2FWembley-Children-Development-Cognitive-Multicolor%2Fdp%2FB0B4VW38Z9%2Fref%3Dsr_1_21_sspa%3Fkeywords%3Dtoys%26qid%3D1675917707%26sr%3D8-21-spons%26sp_csd%3Dd2lkZ2V0TmFtZT1zcF9tdGY%26psc%3D1
Toyshine Wooden Car Ramps Race - 4 Level Toy Car Ramp Race Track Includes 4 Wooden Toy Cars - My First Baby Toys - Toddler Race Car Ramp Toy Set is A Great Gift for Boys and Girls,1199,4.0,655,3.0,China,https://www.amazon.in/sspa/click?ie=UTF8&spc=MTo3NzMyMzY5NDU2Njg1ODQ6MTY3NTkxNzcwNzpzcF9tdGY6MjAxMDY5NjI4MTk2OTg6OjA6Og&url=%2FToyshine-Wooden-Track-Assorted-Design%2Fdp%2FB07D812LF4%2Fref%3Dsr_1_22_sspa%3Fkeywords%3Dtoys%26qid%3D1675917707%26sr%3D8-22-spons%26sp_csd%3Dd2lkZ2V0TmFtZT1zcF9tdGY%26psc%3D1
"MAFAFA - Talking Flash Card, Talking Flash Cards Learning Toy, Talking Flash Card Educational Toy, Ta, Talking Flash Card Interactive Toys for 2 to 4 Years Kids",512,4.2,6,1.0,India,https://www.amazon.in/sspa/click?ie=UTF8&spc=MTo3NzMyMzY5NDU2Njg1ODQ6MTY3NTkxNzcwNzpzcF9tdGY6MjAwODY5MzU4Nzg2OTg6OjA6Og&url=%2FMAFAFA-Talking-Learning-Educational-Interactive%2Fdp%2FB0BGXLVMGZ%2Fref%3Dsr_1_23_sspa%3Fkeywords%3Dtoys%26qid%3D1675917707%26sr%3D8-23-spons%26sp_csd%3Dd2lkZ2V0TmFtZT1zcF9tdGY%26psc%3D1
GRAPHENE® 6 slides 48 patterns Mini Projector Torch Toy Slide Flashlight Projector torch for kids Projection Light Toy Slide Flashlight Lamp Education Learning Night Light Before Going to Bed(Random slides),299,3.7,412,0.67,China,https://www.amazon.in/GRAPHENE%C2%AE-Projector-Flashlight-torch-Projection/dp/B0B86BQ574/ref=sr_1_25?keywords=toys&qid=1675917707&sr=8-25
"CADDLE & TOES Kids Camera for Girls Boys, Kids Selfie Camera Toy 13MP 1080P HD Digital Video Camera for Toddler, Christmas Birthday Gifts for 3-10 Years Old Children (Multicolor)",897,3.1,188,3.0,China,https://www.amazon.in/CADDLE-TOES-Christmas-Birthday-Multicolor/dp/B09WYSPX7V/ref=sr_1_26?keywords=toys&qid=1675917707&sr=8-26
ikis Mesh Ball Stress Relief Hand Fidget Toy Boys & Girls | Squeeze Grape Balls for Kids - 6 cm,120,3.0,3,3.0,China,https://www.amazon.in/ikis-Stress-Relief-Fidget-Squeeze/dp/B0BQWYLHWJ/ref=sr_1_27?keywords=toys&qid=1675917707&sr=8-27
Wembley Kids Computer Toy Baby Laptops for Kids 1 2 3-6 Years Activity Electronics Number & Alphabet Charts for Kids Learning Educational Toy with Sound and Music - BIS Approved (Pink) (Pink),599,3.2,431,3.0,India,https://www.amazon.in/Wembley-Computer-Activity-Electronics-Educational/dp/B09ZF4HNBX/ref=sr_1_28?keywords=toys&qid=1675917707&sr=8-28
"Krasa Centy Plastic Toys Ambassador Car, Multi Color",170,4.0,3107,3.0,India,https://www.amazon.in/Centy-Toys-CT-074-Ambassador-Car/dp/B00ET0TU4E/ref=sr_1_29?keywords=toys&qid=1675917707&sr=8-29
"Stewit Pop It for Kids, Stress Relief for Adults, Anxiety Toy for All Ages, Simple Fidget Popper Toy, Different Shape Pop It for Kids, Educational Toy -1 Piece Pop up ( Mix Shapes), (ST-POP-UP)",99,4.0,2288,1.0,India,https://www.amazon.in/Stewit-Anxiety-Different-Educational-ST-POP-UP/dp/B09NXQSTMF/ref=sr_1_31?keywords=toys&qid=1675917707&sr=8-31
"Boniry Push Pop it Bubble Fidget Toy, Stress Relief and Anti-Anxiety Tools Sensory Toy for Autism to Relieve Stress for Kids and Adults,Multicolor",149,4.1,1384,1.0,India,https://www.amazon.in/Bubble-Fidget-Anti-Anxiety-Sensory-Relieve/dp/B097YK4616/ref=sr_1_32?keywords=toys&qid=1675917707&sr=8-32
SSKR Magic Rainbow Spring Bouncy Expandable Slinky Toy for Kids Birthday Return Gifts - Multicolor,99,3.4,103,3.0,China,https://www.amazon.in/SSKR-Rainbow-Spring-Expandable-Birthday/dp/B09VX97R97/ref=sr_1_33?keywords=toys&qid=1675917707&sr=8-33
"DIKANG Octopus Plushie Reversible Soft Toys for Kids | Kids Soft Toys for Baby Girl | Plush Soft Toys for Baby Boys and Girls | Octopus Soft Toy for Kids (12 cm, Octopus (Pink / Sky Blue))",240,4.3,1326,0.5,India,https://www.amazon.in/DIKANG-Octopus-Plushie-Reversible-Plush/dp/B09GYSTYFN/ref=sr_1_34?keywords=toys&qid=1675917707&sr=8-34
"Tec Tavakkal Kids Bow & Arrow Toy, Boys and Girls Basic Archery Set Outdoor Hunting Game with 3 Suction Cup Arrows, Target & Quiver (Red)",474,4.0,451,3.0,India,https://www.amazon.in/Tavakkal-Archery-Outdoor-Hunting-Suction/dp/B09YVCSD4G/ref=sr_1_35?keywords=toys&qid=1675917707&sr=8-35
"WISHKEY Plastic 10 Pcs Construction Vehicles Pull Back Toy Cars Playset,Truck Model Kit for Children Toddler Kids Mini Engineering Toys (Pack of 10, Multicolor)",499,3.9,3769,3.0,India,https://www.amazon.in/Construction-Vehicles-Children-Engineering-Educational/dp/B07N82YWM1/ref=sr_1_37?keywords=toys&qid=1675917707&sr=8-37
"IMTION ( Chipkali 5 Pcs Real Looking ) Toys Fake Lizard House Gecko Rubber Practical Jokes and Prank Trick Toys, Set of 5 Face colour",69,2.3,56,6.0,India,https://www.amazon.in/IMTION-Chipkali-Looking-Lizard-Practical/dp/B0B9K8C7KB/ref=sr_1_38?keywords=toys&qid=1675917707&sr=8-38
"Kiddie Galaxia Mini Metal Car for Kids, Avenger Car Pack of 4 Mini Racers Derby Racers Series Diecast Cars Suitable for Children, Movie Vehicle Racing Cars for Competition and Story Play - Multicolor",410,4.1,284,1.0,China,https://www.amazon.in/Kiddie-Galaxia-Suitable-Children-Competition/dp/B0B6J2MVWX/ref=sr_1_39?keywords=toys&qid=1675917707&sr=8-39
"Centy Toys Plastic Pull Back Bus, 1 Pull Back Bus, Assorted Colour",329,3.8,1393,3.0,India,https://www.amazon.in/Centy-Toys-Floor-Multi-Color/dp/B00ET0TMZ6/ref=sr_1_40?keywords=toys&qid=1675917707&sr=8-40
"Storio Blaze Storm Hot Fire Soft Bullet Gun Toy with 10 Safe Soft Foam Bullets, Fun Target Shooting Battle Fight Game for Kids Boys",271,4.1,1715,0.25,China,https://www.amazon.in/Storio-Blaze-Blaster-Shooting-Bullets/dp/B07Q5N5BTT/ref=sr_1_41?keywords=toys&qid=1675917707&sr=8-41
"TechHark® Battery Operated 37 Pcs Super Market Toy for Kids Mini Supermarket Toy Candy Sweet Shopping cart, Pretend Play Kitchen Set",799,5.0,1,3.0,India,https://www.amazon.in/TechHark%C2%AE-Battery-Operated-Supermarket-Shopping/dp/B0BRWFP3LV/ref=sr_1_42?keywords=toys&qid=1675917707&sr=8-42
"Storio Sit and Bounce Rubber Hop Ball for Boys Girls Toys, 17 Inches Ball for Kids (Assorted)",324,3.8,6489,2.0,China,https://www.amazon.in/Storio-Bounce-Rubber-Balls-Multicolour/dp/B07KR7XYQ8/ref=sr_1_43?keywords=toys&qid=1675917707&sr=8-43
"TOY FUN Plastic Build Up Beakers Stacking and Nesting Toy for Kids, Multicolour - 12 Pieces",175,4.3,2404,3.0,India,https://www.amazon.in/Fair-Build-Up-Beakers-Stacking/dp/B086968947/ref=sr_1_44?keywords=toys&qid=1675917707&sr=8-44
Desi Toys Candle Steam Powered Tin Toy Boat Pop Putt Putt Nav Fuel Flame with Free Dropper | Classic Indian Water Toy for Kids,199,3.9,1402,15.0,India,https://www.amazon.in/Desi-Toys-Put-Nav-Red/dp/B00OEUML2W/ref=sr_1_45?keywords=toys&qid=1675917707&sr=8-45
Kammateswara Super Hero Action Figure Toy Set in Action Figure Toy for Kids (Set of 5 Superheroes),315,3.7,74,3.0,India,https://www.amazon.in/Kammateswara-Super-Action-Figure-Superheroes/dp/B0BB7RKGCZ/ref=sr_1_46_mod_primary_new?keywords=toys&qid=1675917707&sbo=RZvfv%2F%2FHxDF%2BO5021pAnSA%3D%3D&sr=8-46
SUPER TOY Battery Operated Aeroplane Toy for Kids with Light and Sound - Assorted,465,3.5,1776,2.0,China,https://www.amazon.in/SUPER-TOY-Battery-Operated-Aeroplane/dp/B07TMXZ3DM/ref=sr_1_47?keywords=toys&qid=1675917707&sr=8-47
"WISHKEY Intelligent Mimicking Tom Talking Toys for Kids, Story Telling and Singing Tom Toy for Boys & Girls, Voice Recording Robot Cat Speaking Toys for Kids, Musical Toys for Baby (Set of 1, White)",469,5.0,2,3.0,India,https://www.amazon.in/WISHKEY-Intelligent-Mimicking-Recording-Speaking/dp/B0BP87DD65/ref=sr_1_48?keywords=toys&qid=1675917707&sr=8-48
"Vikrida Airplane Launcher Toy Catapult aircrafts Gun with 4 Foam aircrafts, Shooting Games Outdoor Sport Activity Birthday Gifts Party Gifts for Kids Orange",569,3.4,222,3.0,India,https://www.amazon.in/Airplane-Launcher-Catapult-aircrafts-Shooting/dp/B0B3Y2KMW4/ref=sr_1_49?keywords=toys&qid=1675917707&sr=8-49
"Amitasha Educational Toys for 2 3 4 Years Old 112 Talking Baby Flash Cards, Learning Resource Electronic Interactive Toys for 2-4 Year Old Boys Girls Toddlers Kids Birthday Gifts Ages 2 3 4 5",449,3.8,171,3.0,China,https://www.amazon.in/Amitasha-Educational-Learning-Electronic-Interactive/dp/B0BBGQG893/ref=sr_1_50?keywords=toys&qid=1675917707&sr=8-50
Happiesta Toys Talking Cactus Baby Toys for Kids Dancing Cactus Toys Can Sing Wriggle & Singing Recording Repeat What You Say Funny Education Toys for Children Playing Home Decor Items for Kids,480,3.6,132,1.0,China,https://www.amazon.in/Happiesta-Talking-Recording-Education-Children/dp/B0BGJRV48Y/ref=sr_1_52?keywords=toys&qid=1675917707&sr=8-52
"PRIME DEALS Mix Cute Animals Swimming Water Toys Non-Toxic,BPA Free Colorful Soft Rubber Float Squeeze Sound Squeaky Bathing Toy for Baby Chu Chu Toy Set - Mix Animals,Multicolour Pack of 12 Pcs",298,4.0,315,0.25,India,https://www.amazon.in/Swimming-Toys-Non-Toxic-Colorful-Chu/dp/B09NDVD7T5/ref=sr_1_55?keywords=toys&qid=1675917707&sr=8-55
"FunBlast 36 Pieces Mini Puzzle Foam Mat for Kids, Interlocking Learning Alphabet and Number Mat for Kids - Multi-Color",249,4.0,7853,3.0,India,https://www.amazon.in/FunBlast-Pieces-Interlocking-Learning-Alphabet/dp/B07NX15BY8/ref=sr_1_56?keywords=toys&qid=1675917707&sr=8-56
"Shifu Play Interactive STEM Toys - Tacto Laser (Kit + App) | Educational Toy Science Kit for Kids | 4- 8 Year Old Birthday Gifts | Brain Games & STEM Learning | 200+ Puzzles (No Tablet, Multicolour)",1899,3.7,21,5.0,India,https://www.amazon.in/sspa/click?ie=UTF8&spc=MTo3NzMyMzY5NDU2Njg1ODQ6MTY3NTkxNzcwNzpzcF9idGY6MjAwMjYxNTUyMzY4OTg6OjA6Og&url=%2FPlayShifu-Tacto-Laser-Educational-Included%2Fdp%2FB08CS4WQ62%2Fref%3Dsr_1_59_sspa%3Fkeywords%3Dtoys%26qid%3D1675917707%26sr%3D8-59-spons%26sp_csd%3Dd2lkZ2V0TmFtZT1zcF9idGY%26psc%3D1
EpicToys Age of Ultra - Set of 6 Cars Civil War 6-Pack,755,4.0,1,5.0,China,https://www.amazon.in/sspa/click?ie=UTF8&spc=MTo3NzMyMzY5NDU2Njg1ODQ6MTY3NTkxNzcwNzpzcF9idGY6MjAxMTI1MzIzODc1OTg6OjA6Og&url=%2FAvengers-Age-Ultra-Civil-6-Pack%2Fdp%2FB09NH28PPF%2Fref%3Dsr_1_60_sspa%3Fkeywords%3Dtoys%26qid%3D1675917707%26sr%3D8-60-spons%26sp_csd%3Dd2lkZ2V0TmFtZT1zcF9idGY%26psc%3D1
Camin Superhero Action Figure Set of 5 Superheroes Toys | Action Figure of 5 Superheroes for Kids,295,4.7,9,3.0,China,https://www.amazon.in/Camin-Superhero-Action-Figure-Superheroes/dp/B0BPRHHV8L/ref=sr_1_53?keywords=toys&qid=1675917928&sr=8-53
"Babique Unicorn Teddy Bear Plush Soft Toy Cute Kids Birthday Animal Baby Boys/Girls (25 cm, Yellow)",175,3.9,2017,1.0,India,https://www.amazon.in/Babique-Unicorn-Stuffed-Birthday-Yellow/dp/B08LTGRJSV/ref=sr_1_55?keywords=toys&qid=1675917928&sr=8-55
"HUG 'n' FEEL SOFT TOYS Long Soft Lovable Huggable Cute Giant Life Size Teddy Bear (Family Big, Big Pig )",720,4.1,27519,0.5,India,https://www.amazon.in/sspa/click?ie=UTF8&spc=MTo0ODQ5MjM2OTI0NDI2MzU4OjE2NzU5MTc5Mjg6c3Bfc2VhcmNoX3RoZW1hdGljOjIwMDc4OTI1NzA4Nzk4OjozOjo&url=%2FHUG-FEEL-SOFT-TOYS-Multicolor%2Fdp%2FB09HNRB5KD%2Fref%3Dsxin_16_pa_sp_search_thematic_sspa%3Fcontent-id%3Damzn1.sym.aecf6855-ca22-4113-9547-36a39dda6fb4%253Aamzn1.sym.aecf6855-ca22-4113-9547-36a39dda6fb4%26cv_ct_cx%3Dtoys%26keywords%3Dtoys%26pd_rd_i%3DB09HNRB5KD%26pd_rd_r%3D93754870-f2eb-4145-ade4-171c2f4802a0%26pd_rd_w%3DcqUYq%26pd_rd_wg%3DTGzNo%26pf_rd_p%3Daecf6855-ca22-4113-9547-36a39dda6fb4%26pf_rd_r%3DV75XXKYPCB8FWRG6PQNV%26qid%3D1675917928%26sr%3D1-52-351ffc08-24e1-40aa-a001-b834a6556c30-spons%26sp_csd%3Dd2lkZ2V0TmFtZT1zcF9zZWFyY2hfdGhlbWF0aWM%26psc%3D1%26smid%3DA16CTMIDI5AE16
"Smartivity Gear Propeller Flying Machine STEM Educational DIY Fun Toys, Construction based Activity Game for Kids 6 to 14, Gifts for Boys & Girls, Learn Science Engineering Project, Made in India",514,4.1,333,6.0,India,https://www.amazon.in/sspa/click?ie=UTF8&spc=MTo0ODQ5MjM2OTI0NDI2MzU4OjE2NzU5MTc5Mjg6c3Bfc2VhcmNoX3RoZW1hdGljOjIwMDYyNTU5Nzk4MDA3Ojo0Ojo&url=%2FSmartivity-Propeller-Educational-Learning-Construction%2Fdp%2FB07DVTHTZ1%2Fref%3Dsxin_16_pa_sp_search_thematic_sspa%3Fcontent-id%3Damzn1.sym.aecf6855-ca22-4113-9547-36a39dda6fb4%253Aamzn1.sym.aecf6855-ca22-4113-9547-36a39dda6fb4%26cv_ct_cx%3Dtoys%26keywords%3Dtoys%26pd_rd_i%3DB07DVTHTZ1%26pd_rd_r%3D93754870-f2eb-4145-ade4-171c2f4802a0%26pd_rd_w%3DcqUYq%26pd_rd_wg%3DTGzNo%26pf_rd_p%3Daecf6855-ca22-4113-9547-36a39dda6fb4%26pf_rd_r%3DV75XXKYPCB8FWRG6PQNV%26qid%3D1675917928%26sr%3D1-53-351ffc08-24e1-40aa-a001-b834a6556c30-spons%26sp_csd%3Dd2lkZ2V0TmFtZT1zcF9zZWFyY2hfdGhlbWF0aWM%26psc%3D1
esnipe mart® 20 activities & games fun laptop notebook computer toy for kids-Blue,1349,3.6,10057,1.33,China,https://www.amazon.in/ESnipe-Activities-Laptop-Notebook-Computer/dp/B07Z3CRZ61/ref=sr_1_56?keywords=toys&qid=1675917928&sr=8-56
VGRASSP Mini Toy Guitar for Children - Kids Handheld Musical Electronic - Plays Music & Electric Sounds - Gift for Girls & Boys,345,3.7,93,1.0,China,https://www.amazon.in/VGRASSP-Mini-Toy-Guitar-Children/dp/B0B8SQC5FC/ref=sr_1_58?keywords=toys&qid=1675917928&sr=8-58
Babique Dog Sitting Plush Soft Toy Cute Kids Animal Home Decor Boys/Girls White (25 cm),189,3.5,86,0.5,India,https://www.amazon.in/Babique-Sitting-Plush-Animal-Decor/dp/B0B2F8XS9L/ref=sr_1_59?keywords=toys&qid=1675917928&sr=8-59
"FunBlast Multifunctional Magnetic Wooden Chalkboard Kids Educational Toys Game Whiteboard Blackboard Drawing Toys for Children, Size- 30*23 CM (Multicolor)",641,4.2,1021,3.0,China,https://www.amazon.in/FunBlastTM-Multifunctional-Chalkboard-Educational-Whiteboard/dp/B076YMV6L8/ref=sr_1_60?keywords=toys&qid=1675917928&sr=8-60
"Frank - 10209 Fruits, Animals Puzzle for 3 Years Old Kids and Above, Fun and Challenging | Educational Toys and Games for Focus, Memory, Mental Boost pack of 1",91,4.2,8971,3.0,India,https://www.amazon.in/Frank-10209-Fruits/dp/B0076L2AI6/ref=sr_1_61?keywords=toys&qid=1675917928&sr=8-61
ToysBuddy Baby Bathing Rubber Squeaky Ducks Floating Play Water Pool Tub Toys (Yellow) - 4 Pcs,145,3.1,1254,0.25,China,https://www.amazon.in/ToysBuddy-Bathing-Squeaky-Floating-Toys/dp/B08F39VNMD/ref=sr_1_62?keywords=toys&qid=1675917928&sr=8-62
"TEC TAVAKKAL Military Army Foldable Vehicles Car Toy 4 Pack with Screwdriver Toy, DIY Kids STEM Toys Including Helicopter,Jeep,Tank and Boat for Toddlers Birthday Gifts for Boys 2 3 4 5 6 Year",544,4.4,137,2.0,China,https://www.amazon.in/TEC-TAVAKKAL-Screwdriver-Including-Helicopter/dp/B0BGLYLQGX/ref=sr_1_63?keywords=toys&qid=1675917928&sr=8-63
"Centy Toys Tmp 207 Ambulance,Plastic,White",288,4.0,1276,3.0,India,https://www.amazon.in/Centy-Toys-Tmp-207-Ambulance/dp/B07255XFTY/ref=sr_1_64?keywords=toys&qid=1675917928&sr=8-64
"Kiddie Galaxia® Military Army Foldable Vehicles Car Toy 4 Pack with Screwdriver Toy, DIY Kids STEM Toys Including Helicopter,Jeep,Tank and Boat for Toddlers Birthday Gifts for Boys 2 3 4 5 6 Year",549,4.2,104,2.0,China,https://www.amazon.in/Kiddie-Galaxia%C2%AE-Screwdriver-Including-Helicopter/dp/B0BB31XBZC/ref=sr_1_65?keywords=toys&qid=1675917928&sr=8-65
"OXIN Mini 6 Slids, 48 Patterns (ABCD all alphabet Picture ) Projector Flashlight Torch, Kids Projection Light Toy Slide Flashlight Lamp Education Learning Night Light Before Going to Bed best gift for kids 7 years boy or girl Learning and playing()",329,3.6,55,4.0,China,https://www.amazon.in/OXIN-Projector-Flashlight-Projection-Education/dp/B0BJ8NSVTN/ref=sr_1_66?keywords=toys&qid=1675917928&sr=8-66
"Toyshine 120 pcs 12 Color Wooden Dominos Blocks Set, for kids Game Educational Play Toy, Domino Racing Toy Game",249,4.1,10922,3.0,India,https://www.amazon.in/Toyshine-Wooden-Dominos-Blocks-Educational/dp/B084HCJ1VT/ref=sr_1_67?keywords=toys&qid=1675917928&sr=8-67
Kiddie Galaxia® Stunt Car 360 Degree Rotating Stunt Car Bump and Go Toy with 4D Lights & Sounds Musical Car Toy for Kids 09 Future Car (Pack of 1) (Multicolor),359,3.9,183,0.5,China,https://www.amazon.in/Kiddie-Galaxia%C2%AE-Rotating-Musical-Multicolor/dp/B0B79ZHSFF/ref=sr_1_68?keywords=toys&qid=1675917928&sr=8-68
"Desi Toys Seven Stone, Lagori Game",599,4.1,128,5.0,India,https://www.amazon.in/sspa/click?ie=UTF8&spc=MTo1NDY3OTY4MTcwMzEwNTgxOjE2NzU5MTc5Mjg6c3BfbXRmOjIwMTE3OTkwMzkzMTk4OjowOjo&url=%2FDesi-Toys-Seven-Stone-Lagori%2Fdp%2FB07RXK12PG%2Fref%3Dsr_1_70_sspa%3Fkeywords%3Dtoys%26qid%3D1675917928%26sr%3D8-70-spons%26sp_csd%3Dd2lkZ2V0TmFtZT1zcF9tdGY%26psc%3D1
"Cable World Police Car with Lights, Powered, Music and Siren Sound Car Toy for Kids",299,4.9,49,2.0,India,https://www.amazon.in/Cable-World-Police-Lights-Powered/dp/B0BPRVR3JZ/ref=sr_1_73?keywords=toys&qid=1675917928&sr=8-73
"WISHKEY Sand Game Castle Building Plastic Beach Toy Set for Kids Summer Fun Creative Activity Playset & Gardening Tool with Fishes, Duck & Bucket (Pack of 9, Multicolor)",289,4.3,1569,3.0,India,https://www.amazon.in/WISHKEY-Building-Creative-Gardening-Multicolor/dp/B09DQ24ZQ8/ref=sr_1_74?keywords=toys&qid=1675917928&sr=8-74
"LOVEY DOVEY Kangaroo Soft Toy, Baby Toys, Kids Toy, Soft Toy, Toy for Girl, Birthday Gift for Girl/Boys, Toy Gift for Girls, Kids Toys for Boys/Girl, Toys Gift Items (Kangaroo with Baby, 30 cm)",399,4.1,186,2.0,India,https://www.amazon.in/LOVEY-DOVEY-Kangaroo-Birthday-Girls/dp/B09M8Q2S6W/ref=sr_1_75?keywords=toys&qid=1675917928&sr=8-75
Galaxy Hi-Tech Pioneer Bot Robot Colorful Lights and Music | All Direction Movement Dancing Robot Toys for Boys and Girls Multi-Colour,689,3.8,693,1.0,China,https://www.amazon.in/Galaxy-Hi-Tech%C2%AE-Colorful-Direction-Movement/dp/B08LVRXMSS/ref=sr_1_77?keywords=toys&qid=1675917928&sr=8-77
"Babique Plush Soft Toy Cute Kids Animal Home Decor Boys/Girls/Baby (28 cm, Octopus)",199,4.1,922,1.0,India,https://www.amazon.in/Babique-Octopus-Sitting-Plush-Animal/dp/B09273F1C2/ref=sr_1_78?keywords=toys&qid=1675917928&sr=8-78
Little's Plastic Junior Ring (Multicolour) (6 pieces),159,4.3,40037,0.5,India,https://www.amazon.in/Littles-607-Junior-Ring-Multicolour/dp/B00ADZUNYK/ref=sr_1_79?keywords=toys&qid=1675917928&sr=8-79
KidzBell Wooden Puzzles Brain Teasers Toy Colorful Jigsaw Game Wood Montessori Intelligence STEM Educational Gift for Baby Toddlers Kids 3 4 5 6 7 Years Old Boys Girls 40 Pcs,310,4.2,347,3.0,China,https://www.amazon.in/Colorful-Montessori-Intelligence-Educational-Toddlers/dp/B098JXWSJG/ref=sr_1_80?keywords=toys&qid=1675917928&sr=8-80
"Kid's Wooden Mini Desktop Parent-Child for Kids Fun Bowling Game Toy Set,Pack of 1",314,3.8,647,36.0,India,https://www.amazon.in/Generic-Wooden-Desktop-Parent-Child-Bowling/dp/B06XZXBH9T/ref=sr_1_81_mod_primary_new?keywords=toys&qid=1675917928&sbo=RZvfv%2F%2FHxDF%2BO5021pAnSA%3D%3D&sr=8-81
"Little Monkey Wooden Xylophone Musical Toy with 8 Note, Multicolour, 3+, 1 Xylophone, 2 Sticks",331,4.2,6510,3.0,India,https://www.amazon.in/Little-Monkey-Xylophone-Musical-Children/dp/B07GVMS2JK/ref=sr_1_82?keywords=toys&qid=1675917928&sr=8-82
"Centy Toys Fire Ladder Truck, Yellow",352,4.1,1860,3.0,India,https://www.amazon.in/Centy-Toys-Fire-Ladder-Truck/dp/B073332CLL/ref=sr_1_83?keywords=toys&qid=1675917928&sr=8-83
"PLAY-DOH Party Pack Toy of 12 Non-Toxic Colours, Art & Craft Toys for Kids 2 Years and Up, Toys for boys, Toys for girls",349,4.2,1085,3.0,India,https://www.amazon.in/PLAY-DOH-Party-Non-Toxic-Colours-Years/dp/B0865LLRVG/ref=sr_1_84?keywords=toys&qid=1675917928&sr=8-84
"Funskool Plastic Eggs Nesting Toy With A Chick, Helps to Match, Nest And Discover, 12 Months & Above, Infant And Preschool Toys, Multi Color",204,4.3,5755,1.0,,https://www.amazon.in/Funskool-Giggles-Nesting-Eggs/dp/B00VVQJNMS/ref=sr_1_85?keywords=toys&qid=1675917928&sr=8-85
Babique Pluto Sitting Plush Soft Toy Cute Kids Animal Home Decor Boys/Girls (30 cm),309,4.2,1215,1.0,India,https://www.amazon.in/Babique-Pluto-Stuffed-Plush-Yellow/dp/B07ZJG1FGL/ref=sr_1_86?keywords=toys&qid=1675917928&sr=8-86
TEC TAVAKKAL Set of 6 Big Size Full Action Toy Figure Jungle Cartoon Wild Animal Toys Figure Playing Set for Kids Current Animals Lion Giraffe Elephant Tiger Toys for Children (Set of 6 Animal Toys),344,4.3,554,2.0,China,https://www.amazon.in/Tavakkal-Cartoon-Playing-Elephant-Children/dp/B09B8FPB3L/ref=sr_1_87?keywords=toys&qid=1675917928&sr=8-87
"Flash Cards, Talking Toys, Talking Flash Cards, Educational Toys for 2 3 4 Years Old Boy Girl, Talking Toy, Talking Flash Cards Learning Toys, Flash Cards for Babies, Flashcards, Flashcards for Study, Flash Cards for Kids | Mix Colors",429,4.5,169,2.5,China,https://www.amazon.in/Talking-Educational-Learning-Babies-Flashcards/dp/B0BG8PSKY8/ref=sr_1_88?keywords=toys&qid=1675917928&sr=8-88
"Webby Soft Animal Plush Elephant Toy 20cm, Blue",275,4.4,2989,1.5,India,https://www.amazon.in/Webby-Soft-Animal-Plush-Elephant/dp/B08QX75XNZ/ref=sr_1_89?keywords=toys&qid=1675917928&sr=8-89
"Funskool Star Links, Multicoloured Interlocking Learning Educational Blocks, Improves Creativity And Construction Blocks For Kids, 6 Months & Above, Infant and Preschool Toys",199,4.5,7892,1.0,India,https://www.amazon.in/Funskool-Kiddy-Star-Links/dp/B0063BMTTA/ref=sr_1_90?keywords=toys&qid=1675917928&sr=8-90
"Giggles Funskool Digger The Dog, Pull Along Toy, Encourages Walking,Funny Walking Style, 12 Months & Above, Infant And Plastic Preschool Toys(Yellow)",573,4.3,3571,1.0,India,https://www.amazon.in/Funskool-Digger-the-Dog/dp/B009REO3LC/ref=sr_1_91?keywords=toys&qid=1675917928&sr=8-91
"Little Fingers Beach Play Set for Kids / Sand Play Set with Bucket, Shovels & Molds / Beach Toys for Toddlers / Toddler Gardening playset / Beach Toys Gift Basket / Digging kit for Kids (Small)",134,4.0,1,1.5,India,https://www.amazon.in/Little-Fingers-Shovels-Toddlers-Gardening/dp/B09RQ626W4/ref=sr_1_92?keywords=toys&qid=1675917928&sr=8-92
"Webby Soft Animal Plush Elephant Toy 20cm, Grey and Pink",275,4.4,926,1.5,India,https://www.amazon.in/Webby-Soft-Animal-Plush-Elephant/dp/B08QX5BTPY/ref=sr_1_93?keywords=toys&qid=1675917928&sr=8-93
"Chocozone Marble Run Track Marble Maze Building Sets Challenge Levels for STEM Learning, Educational Building Blocks Toys for 5 Years Old (Multicolor ( 113 pcs ))",1100,3.8,885,2.0,China,https://www.amazon.in/Chocozone-Building-Challenge-Educational-Multicolor/dp/B07TJZKMLJ/ref=sr_1_94?keywords=toys&qid=1675917928&sr=8-94
Sanghariyat® Baby First Blocks Activity Toys Sorter Baby and Toddler Toy ABCD Learning Shape Alphabets Storage Bucket Toys Sorting Game Developmental Educational Toy Children 16 Building Blocks,289,4.2,70,1.0,India,https://www.amazon.in/Sanghariyat%C2%AE-Activity-Alphabets-Developmental-Educational/dp/B0B9NV23G3/ref=sr_1_95?keywords=toys&qid=1675917928&sr=8-95
"Smartivity Telescope STEM DIY Toys for Kids 8 to 14 Years | Measure Hight & Distance | Best Birthday Gifts for Boys & Girls Age 8,10,12,14 | Science Toy, Education & Construction Based Fun Toy",591,4.2,981,8.0,India,https://www.amazon.in/Smartivity-Educational-Construction-Instructions-Engineering/dp/B08P5RY73H/ref=sr_1_96?keywords=toys&qid=1675917928&sr=8-96
"HUG 'n' FEEL SOFT TOYS Penguin Soft toys, Baby toys, Kids toy, Toy for girl, birthday gift for girl/boys, toy gift for girls, Kids toys for boys/girl, soft toys, toys gift items, (Penguin 18cm - Black)",165,4.1,27519,1.0,India,https://www.amazon.in/HUG-FEEL-SOFT-TOYS-birthday/dp/B09G9XX9DG/ref=sr_1_98?keywords=toys&qid=1675917928&sr=8-98
"WISHKEY Plastic Blaze Storm Manual Soft Suction Bullet Gun Toy with 20 Safe Soft Foam Bullets, Fun Target Shooting Battle Fight Game for Kids (Pack of 1, Multicolor)",359,3.9,5332,8.0,India,https://www.amazon.in/WISHKEY-Manual-Shooting-Bullets-Multicolour/dp/B07NS1MGMG/ref=sr_1_99?keywords=toys&qid=1675917928&sr=8-99
SUPER TOY Toys & Hobbies 8 Pcs Night Light Dinosaur Figure Gift Toy for Children Kids,475,4.1,1031,3.0,India,https://www.amazon.in/SUPER-TOY-Hobbies-Noctilucent-Dinosaur/dp/B0785RLGLT/ref=sr_1_100?keywords=toys&qid=1675917928&sr=8-100
"FunBlast Kids Pull Back Vehicles, Push and Go Crawling Toy Car for Kids & Children (Set of 7 Pcs) - Made in India",664,4.1,6030,2.0,India,https://www.amazon.in/FunBlast-Unbreakable-Vehicles-Crawling-Children/dp/B07PTXSS4G/ref=sr_1_102?keywords=toys&qid=1675917928&sr=8-102
"Little's Soft Plush Baby Ball with Rattle Sound (size 11 cm,M), Multi color",149,4.0,14307,0.5,India,https://www.amazon.in/Littles-606-Baby-Ball-Multicolour/dp/B00ADZULW4/ref=sr_1_103?keywords=toys&qid=1675917928&sr=8-103
"Toyshine Airplane Launcher Toy Catapult Plane Gun for Kids Outdoor Toy, One-Click Ejection, 4 Pcs Glider Foam Planes, Toy Airplanes Birthday Gifts, Multi-Color",499,2.5,36,5.0,China,https://www.amazon.in/Toyshine-Airplane-One-Click-Airplanes-Multi-Color/dp/B0B6C94N1P/ref=sr_1_104?keywords=toys&qid=1675917928&sr=8-104
Einstein Box Science Experiment Kit for Kids Aged 8-12-14 | STEM Projects | STEM Toys | Gift for 8-12 Year Old Boys & Girls | Chemistry Kit Set for 8-14 Year Olds,699,4.3,18221,8.0,India,https://www.amazon.in/sspa/click?ie=UTF8&spc=MTo1NDY3OTY4MTcwMzEwNTgxOjE2NzU5MTc5Mjg6c3BfYnRmOjIwMDc5ODE4NDU1NTk4OjowOjo&url=%2FEinstein-Box-Educational-Learning-Experiments%2Fdp%2FB0855MGS99%2Fref%3Dsr_1_105_sspa%3Fkeywords%3Dtoys%26qid%3D1675917928%26sr%3D8-105-spons%26sp_csd%3Dd2lkZ2V0TmFtZT1zcF9idGY%26psc%3D1
Mirana App Control Bluetooth USB Rechargeable All Terrain Vehicle with Nitro Boost and Proportional Control Monster Truck | Rock Crawler Smart Toy RC Car and Gift for Kids and Boys (Blue),1875,5.0,9,4.0,India,https://www.amazon.in/sspa/click?ie=UTF8&spc=MTo1NDY3OTY4MTcwMzEwNTgxOjE2NzU5MTc5Mjg6c3BfYnRmOjIwMTExNjUxNTUyNTk4OjowOjo&url=%2FMirana-Control-Bluetooth-Rechargeable-Proportional%2Fdp%2FB09W2QCNMD%2Fref%3Dsr_1_106_sspa%3Fkeywords%3Dtoys%26qid%3D1675917928%26sr%3D8-106-spons%26sp_csd%3Dd2lkZ2V0TmFtZT1zcF9idGY%26psc%3D1%26smid%3DA2MWQIWQF44JBM
Toyshine Dancing Dog with Music Flashing Lights,449,4.0,10145,3.0,China,https://www.amazon.in/Toyshine-Dancing-Music-Flashing-Lights/dp/B074Y7KQD1/ref=sr_1_102?keywords=toys&qid=1675918146&sr=8-102
SNOWIE SOFT® Baby Soft Hanging Rattle Crinkle Squeaky Toy Car Seat Stroller Toys with Teethers Plush Animal C-Clip Ring for Infant Babies Boys and Girls 3 6 9 to 12 Months (Multi-Colour-Elephant),459,4.5,378,1.0,China,https://www.amazon.in/SNOWIE-Hanging-Stroller-Teethers-Multi-Colour-Elephant/dp/B092CKZ85H/ref=sr_1_104?keywords=toys&qid=1675918146&sr=8-104
"Centy Toys Plastic Pull Back Car, 1 Pull Back Car, Multicolour",251,4.0,2384,3.0,India,https://www.amazon.in/Centy-Toys-Sports-Multi-Color/dp/B0175YVTO4/ref=sr_1_105?keywords=toys&qid=1675918146&sr=8-105
LEZOMZY Playhouses Tent for Kids Outdoor and Indoor theme Play House Castle Tent Toys for 5-13 Years Old Children Boy Girls Portable Castle Playhouse for Girls & Boys (Candy House) (Multicolor),799,4.1,235,5.0,India,https://www.amazon.in/LEZOMZY-Playhouses-Children-Playhouse-Multicolor/dp/B0B5XTS6PS/ref=sr_1_109?keywords=toys&qid=1675918146&sr=8-109
Fiddlys Ak 47 Toy Gun/ Shooting Gun for Kids with Laser Light and 500 Bullets Guns & Darts,699,2.8,48,4.0,China,https://www.amazon.in/Fiddlys-Shooting-Laser-Light-Bullets/dp/B0BC3QPBZH/ref=sr_1_113?keywords=toys&qid=1675918146&sr=8-113
HEGZI Soft Toys - Elephant Soft Toys for Girls and Boys - Pack of 1 - Grey - 40 cm,749,4.6,49,0.5,India,https://www.amazon.in/HEGZI-Soft-Toys-Elephant-Girls/dp/B0B3NBX5XD/ref=sr_1_115?keywords=toys&qid=1675918146&sr=8-115
"PLAY POCO ABC Magnets Capital Letters - 52 Magnetic Letters - Ideal for Alphabet Learning & Spelling Games - Child Safe Foam Alphabets with Full Magnet Back, red, 26x10x4 cm",249,3.7,2211,3.0,India,https://www.amazon.in/sspa/click?ie=UTF8&spc=MTozMDQ1MTEzNzE3NTg4MzgwOjE2NzU5MTgxNDY6c3BfbXRmOjIwMDU3OTM0ODUxOTk4OjowOjo&url=%2FPLAY-POCO-Magnets-Capital-Letters%2Fdp%2FB08NKGLZNF%2Fref%3Dsr_1_120_sspa%3Fkeywords%3Dtoys%26qid%3D1675918146%26sr%3D8-120-spons%26sp_csd%3Dd2lkZ2V0TmFtZT1zcF9tdGY%26psc%3D1
"Puppet Pop It Fidget Toys, Push Pop Bubble Fidget Sensory Toy, Autism Special Needs Silicone Stress Relief Toy, Great Fidget Toy for Kids and Adults (Set of Any 4 pcs)",289,4.0,440,3.0,China,https://www.amazon.in/Puppet-Fidget-Sensory-Special-Silicone/dp/B09HCTRJ7F/ref=sr_1_121?keywords=toys&qid=1675918146&sr=8-121
Brand Conquer Automatic Convert from Car to Robot with 4D Light | Robot Race Car Toys | Friction Toy for Kids (Red & Blue),574,3.6,1753,0.25,China,https://www.amazon.in/Brand-Conquer-Friction-Family-Racing/dp/B07XB1JC7D/ref=sr_1_122?keywords=toys&qid=1675918146&sr=8-122
Toyzone Friction Powered Toy | Vehicles Construction Truck | Unbreakable Big Size Elevator Rescue Crane Toys | Engineering Toy | Pull Back | Push and Go Crawling Toys for Boys and Girl's (Elevator Rescue crane),497,3.1,34,2.0,India,https://www.amazon.in/Toyzone-Friction-Construction-Unbreakable-Engineering/dp/B0B5N2W2HR/ref=sr_1_123?keywords=toys&qid=1675918146&sr=8-123
"Cable World Plastic Baby Bath Chu Chu Colorful Animal Shape Toy (Multicolor, Multi Design) - Set of 12 Pieces",269,3.9,1363,0.5,China,https://www.amazon.in/cable-world%C2%AE-colorful-animal-design/dp/B08FSTH38J/ref=sr_1_126?keywords=toys&qid=1675918146&sr=8-126
Toyshine Pizza Party Fast Food Pretend Cooking & Cutting Play Set Toy for Kids (Multi-Color),314,3.7,306,3.0,India,https://www.amazon.in/Toyshine-Pretend-Cooking-Cutting-Multi-Color/dp/B084R8WWDG/ref=sr_1_127?keywords=toys&qid=1675918146&sr=8-127
"Pikipo Kitty Face Rattle Cum Soft Toy (Squeeze Handle for Squeaky Sound)-Plush,Red,Pack of 1",193,4.2,8263,0.5,India,https://www.amazon.in/Pikipo-Rattle-Squeeze-Handle-Squeaky/dp/B07RYWLT6L/ref=sr_1_128?keywords=toys&qid=1675918146&sr=8-128
LEGO Creator 3in1 Cyber Drone 31111 Building Kit (113 Pieces),1099,4.4,5046,6.0,Czech Republic,https://www.amazon.in/LEGO-Cyber-Drone-Building-Blocks/dp/B08G4MH27V/ref=sr_1_129?keywords=toys&qid=1675918146&sr=8-129
"VikriDA Mini Dinosaur Dino Machine Gun Toy with Spray Smoke Effect, Birthday Toy Gift for Boys, Girls, Toddler 2 3 4 5 Year Old - Mulit-Color",502,4.2,49,0.0,India,https://www.amazon.in/VikriDA-Dinosaur-Machine-Birthday-Toddler/dp/B0B68SWNFG/ref=sr_1_131?keywords=toys&qid=1675918146&sr=8-131
Storio Toys Educational Learning Talking Flash Cards for 2 Year Old Kids Boys Girls Baby Montessori Toys,582,4.1,286,0.25,China,https://www.amazon.in/Storio-Dual-Function-Water-Shoot/dp/B08D8HVTBN/ref=sr_1_132?keywords=toys&qid=1675918146&sr=8-132
Storio Educational Learning Stacking Multicolour 7 Rings Baby Toys for Toddlers Kids 1 Year Old and Above,145,4.0,1093,0.5,China,https://www.amazon.in/Storio-Rattles-Development-Toys-Infants/dp/B08D8JJ3T6/ref=sr_1_133?keywords=toys&qid=1675918146&sr=8-133
"world zone enterprises toys & gifts rubber snakes prank toy (assorted colours, 28-inch) (pack of 1)-Black",174,3.4,412,6.0,India,https://www.amazon.in/World-Zone-Enterprises-Assorted-Colours/dp/B07VN5LF5Z/ref=sr_1_134?keywords=toys&qid=1675918146&sr=8-134
Brand conquer Realistic Mini Animal Figure Toy - Farm Animals Toys & Wild Animals Toys for Kids Animal Figure Playset - Jungle Animals Toys Set - Best Birthday Return Gifts - Small Size (31 Pcs),299,3.2,290,2.0,China,https://www.amazon.in/Brand-conquer-Realistic-Animal-Figure/dp/B0B9N6HV6B/ref=sr_1_135?keywords=toys&qid=1675918146&sr=8-135
"KIDZBELL Mini Jungle Animals Figure Toys Play Set 53 Piece, Realistic Wild Plastic with Artificial Grass & Fencing Learning Games for Boys Girls Kids Toddlers, Animals Cupcake Topper,Multicolor",568,3.8,1170,3.0,China,https://www.amazon.in/KIDZBELL-Realistic-Artificial-Learning-Toddlers/dp/B09DD85ZYS/ref=sr_1_138?keywords=toys&qid=1675918146&sr=8-138
"Pikipo Plush Soft Ball (Small Size, 11cm) and Kitty Face Soft Rattle Combo, Multicolor (Material: Polyester & Plush)",284,4.3,931,0.5,India,https://www.amazon.in/Pikipo-Small-Kitty-Rattle-Combo/dp/B08NPSCTR5/ref=sr_1_139?keywords=toys&qid=1675918146&sr=8-139
"TECHNO BUZZ DEAL WITH DEVICE OF GLOB Unbreakable Pull Back Vehicles| Push and Go Crawling Toy for Kids & Children, Power Friction Cars for 3+ Years Old Boys|Girls,Plastic (Multi color, Pack of 7)",549,4.1,3479,2.0,China,https://www.amazon.in/Techno-Buzz-Deal-Unbreakable-Vehicles/dp/B083DWJ3KP/ref=sr_1_140?keywords=toys&qid=1675918146&sr=8-140
VGRASSP Dancing Dog Toy for Kids Babies with Music and 3D Flashing LED Light Ball - Cute Animal Puppy Gift for Boys and Girls,419,4.0,70,0.5,China,https://www.amazon.in/vGRASSP-Dancing-Music-Flashing-Light/dp/B07WNB7MYL/ref=sr_1_141?keywords=toys&qid=1675918146&sr=8-141
"LOVEY DOVEY Soft Toys Long Soft Lovable hugable Cute Giant Life SizeSmall Pig Family (Pig Set, 4pcs)",474,3.4,249,0.5,India,https://www.amazon.in/LOVEY-DOVEY-Lovable-hugable-SizeSmall/dp/B09ZV93RJN/ref=sr_1_142?keywords=toys&qid=1675918146&sr=8-142
KIPA GAMING MagPlay 16 Pcs. Made in India The Original STEM Magnetic Building Tiles and Blocks. Open-Ended Creative Learning Educational Toys for Children Ages 3 Years,849,4.5,136,3.0,India,https://www.amazon.in/KIPA-Magnetic-Building-Educational-Children/dp/B09T654FV6/ref=sr_1_143?keywords=toys&qid=1675918146&sr=8-143
Mirada 35 cm Bunny Soft Toy - Peach,749,4.5,1525,0.5,India,https://www.amazon.in/Mirada-Plush-Bunny-Soft-Yellow/dp/B08M3JV5VF/ref=sr_1_144?keywords=toys&qid=1675918146&sr=8-144
"TEDSTREE Cute Stuffed Plush Soft Toys for Kids Combo Perfect Soft Toys Combo Present for Birthday, Babies & Children -Panda, Rabbit, Penguin, Kitty, Unicorn",524,3.7,7855,3.0,India,https://www.amazon.in/TEDSTREE-Stuffed-Perfect-Birthday-Children/dp/B09GY67M4T/ref=sr_1_145?keywords=toys&qid=1675918146&sr=8-145
Giggles - Icecream Turtle,491,4.4,1124,1.0,India,https://www.amazon.in/Giggles-Ice-Cream-Turtle/dp/B078XYC3FF/ref=sr_1_149?keywords=toys&qid=1675918146&sr=8-149
Centy Public Truck - (Color may vary),308,4.1,4501,3.0,India,https://www.amazon.in/Centy-Public-Truck-Color-vary/dp/B00ET0TTQI/ref=sr_1_150?keywords=toys&qid=1675918146&sr=8-150
"Fundough - Kitchen Set , Cutting and Moulding Playset , 3Years + , Multicolor",499,4.3,136,3.0,India,https://www.amazon.in/Funskool-Fun-Doh-Kitchen-Set/dp/B01MTZ4QL8/ref=sr_1_151?keywords=toys&qid=1675918146&sr=8-151
"Negi Drop fantasy Puzzle Game for kids,Multicolor",97,3.9,8151,3.0,India,https://www.amazon.in/Negi-Drop-Puzzle-Game/dp/B08G1V74XP/ref=sr_1_152?keywords=toys&qid=1675918146&sr=8-152
"Shoplete Whack A Frog Interactive Learning Toys Game Box for Age 3,4,5,6,7,8 Years Old Kids Boys and Girls | Early Child Brain Development Activity, Learning, Skills, Builds Hand-Eye Co-Ordination",2650,4.2,36,2.0,China,https://www.amazon.in/sspa/click?ie=UTF8&spc=MTozMDQ1MTEzNzE3NTg4MzgwOjE2NzU5MTgxNDY6c3BfYnRmOjIwMDg0NTQxMzcwNzk4OjowOjo&url=%2FShoplete-Interactive-Learning-Development-Co-Ordination%2Fdp%2FB09ZMVH5Q3%2Fref%3Dsr_1_156_sspa%3Fkeywords%3Dtoys%26qid%3D1675918146%26sr%3D8-156-spons%26sp_csd%3Dd2lkZ2V0TmFtZT1zcF9idGY%26psc%3D1
Play Poco Spelling Fun Type 1 - 150 Piece Spelling Puzzle - Learn to Spell 50 Three Letter Words - Beautiful Colorful Pictures (Age 4+),299,4.2,4135,4.0,India,https://www.amazon.in/sspa/click?ie=UTF8&spc=MToxNzg0MjM4MTA2MTE1NTAxOjE2NzU5MTgzNDQ6c3BfYXRmX25leHQ6MjAwODAzNzMzODYyMDc6OjA6Og&url=%2FPlay-Poco-Spelling-Fun-Type%2Fdp%2FB08DDYS2JP%2Fref%3Dsr_1_145_sspa%3Fkeywords%3Dtoys%26qid%3D1675918344%26sr%3D8-145-spons%26sp_csd%3Dd2lkZ2V0TmFtZT1zcF9hdGZfbmV4dA%26psc%3D1
AERYS Flash Cards for Babies Kids 1 to 3 Year Boys and Girls Electronic Voice Learning Preschool Early Education 112 Piece 224 Words Kids Birthday Gift,399,4.9,66,1.0,China,https://www.amazon.in/sspa/click?ie=UTF8&spc=MToxNzg0MjM4MTA2MTE1NTAxOjE2NzU5MTgzNDQ6c3BfYXRmX25leHQ6MjAxMDg0MDQyMTQ0OTg6OjA6Og&url=%2FAERYS-Electronic-Learning-Preschool-Education%2Fdp%2FB0BR2CFW3F%2Fref%3Dsr_1_147_sspa%3Fkeywords%3Dtoys%26qid%3D1675918344%26sr%3D8-147-spons%26sp_csd%3Dd2lkZ2V0TmFtZT1zcF9hdGZfbmV4dA%26psc%3D1
"Centy Toys Plastic Pull Back Safari Car, 1 Pull Back Vehicle, Multicolour",144,4.0,2429,3.0,India,https://www.amazon.in/Centy-Toys-Ranger-Jungle-Safari/dp/B076FBRMVV/ref=sr_1_149?keywords=toys&qid=1675918344&sr=8-149
Toyshine LED Flashing Pop Tube Fidget 6 Pcs Toy Fun Pull and Pop Tubes Sensory Tubes for Kids Adults Stretch and Bend ADHD Autism Anxiety Stress Relief Toys Great Gift Party Prizes,499,4.4,71,2.0,China,https://www.amazon.in/Toyshine-Flashing-Sensory-Stretch-Anxiety/dp/B0B6VZ66NG/ref=sr_1_150?keywords=toys&qid=1675918344&sr=8-150
Kidology Dinosaur Race Tracks for Kids | Dinosaur World Road Race Car Track with Flexible Train Track Playset Gift for Birthday | Educational Learning Railway Track Car Toy (277Pcs),2499,4.0,13,3.0,China,https://www.amazon.in/Kidology-Dinosaur-Race-Track-Educational/dp/B0BRXY8JJG/ref=sr_1_151?keywords=toys&qid=1675918344&sr=8-151
"Little Innocents® Non-Toxic, BPA Free, ISI Marked Soft Baby Play Ball Stuffed Soft Toy with Rattle Sound for Infants (Small) - 12 cm",165,4.3,1361,0.25,India,https://www.amazon.in/sspa/click?ie=UTF8&spc=MToyNjcxMjUyMzg4NzY2MjoxNjc1OTE4MzQ0OnNwX3NlYXJjaF90aGVtYXRpYzoyMDAyODQ2OTIzNjQ5ODo6Mzo6&url=%2FLittle-Innocent-Soft-Play-Ball%2Fdp%2FB06ZZW8T21%2Fref%3Dsxin_16_pa_sp_search_thematic_sspa%3Fcontent-id%3Damzn1.sym.aecf6855-ca22-4113-9547-36a39dda6fb4%253Aamzn1.sym.aecf6855-ca22-4113-9547-36a39dda6fb4%26cv_ct_cx%3Dtoys%26keywords%3Dtoys%26pd_rd_i%3DB06ZZW8T21%26pd_rd_r%3Dee6b171b-7e72-4bd6-a9e3-ba25944464d1%26pd_rd_w%3Dd8qMW%26pd_rd_wg%3DPsrN4%26pf_rd_p%3Daecf6855-ca22-4113-9547-36a39dda6fb4%26pf_rd_r%3DGWDWBFWJKWKZJEE66SRR%26qid%3D1675918344%26sr%3D1-148-351ffc08-24e1-40aa-a001-b834a6556c30-spons%26sp_csd%3Dd2lkZ2V0TmFtZT1zcF9zZWFyY2hfdGhlbWF0aWM%26psc%3D1%26smid%3DA1721XIG2WQFCJ
"Toyshine 4 Layer Ball Drop and Roll Swirling Tower for Baby and Toddler Development Educational Toys | Stack , Drop and Go Ball Ramp",399,4.3,505,0.42,India,https://www.amazon.in/sspa/click?ie=UTF8&spc=MToyNjcxMjUyMzg4NzY2MjoxNjc1OTE4MzQ0OnNwX3NlYXJjaF90aGVtYXRpYzoyMDA5NTU4MzcwMTg5ODo6NDo6&url=%2FToyshine-Swirling-Toddler-Development-Educational%2Fdp%2FB0BGHQ21VG%2Fref%3Dsxin_16_pa_sp_search_thematic_sspa%3Fcontent-id%3Damzn1.sym.aecf6855-ca22-4113-9547-36a39dda6fb4%253Aamzn1.sym.aecf6855-ca22-4113-9547-36a39dda6fb4%26cv_ct_cx%3Dtoys%26keywords%3Dtoys%26pd_rd_i%3DB0BGHQ21VG%26pd_rd_r%3Dee6b171b-7e72-4bd6-a9e3-ba25944464d1%26pd_rd_w%3Dd8qMW%26pd_rd_wg%3DPsrN4%26pf_rd_p%3Daecf6855-ca22-4113-9547-36a39dda6fb4%26pf_rd_r%3DGWDWBFWJKWKZJEE66SRR%26qid%3D1675918344%26sr%3D1-149-351ffc08-24e1-40aa-a001-b834a6556c30-spons%26sp_csd%3Dd2lkZ2V0TmFtZT1zcF9zZWFyY2hfdGhlbWF0aWM%26psc%3D1
Cable World® Stationary Kit Set for School Kids - Pencil Pen Book Eraser Sharpener - Stationary Kit Set for Girls/Boys Birthday Gift - Multicolor,229,4.4,232,3.0,China,https://www.amazon.in/Cable-World%C2%AE-Stationary-School-Kids/dp/B0B5ZR7751/ref=sr_1_152?keywords=toys&qid=1675918344&sr=8-152
"VIVIDA ENTERPRISE Dancing Cactus Talking Toy, Cactus Plush Rechargeable Toy, Wriggle & Singing Recording Repeat What You Say Funny Education Toys for Babies Children Playing(Cactus Toy)",479,3.7,78,3.0,China,https://www.amazon.in/VIVIDA-ENTERPRISE-Rechargeable-Recording-Education/dp/B0BFW43WXZ/ref=sr_1_153?keywords=toys&qid=1675918344&sr=8-153
"eErlik Plastic Battery Operated Converting Car to Robot, Robot to Car Automatically,Robot Toy, with Light and Sound for Kids Indoor and Outdoor 3 Year, Pack of 1, Multicolor",509,3.8,101,2.0,India,https://www.amazon.in/eErlik-Converting-Robot-Automatically-Multicolor/dp/B0BD4V3NSW/ref=sr_1_154?keywords=toys&qid=1675918344&sr=8-154
"Centy Toys Plastic Pull Back Auto Rickshaw, Number Of Pieces: 1, Multicolour",230,4.3,8858,3.0,India,https://www.amazon.in/Centy-Toys-Rickshaw-Multi-Color/dp/B011NXA79Q/ref=sr_1_155?keywords=toys&qid=1675918344&sr=8-155
"Amazon Brand - Jam & Honey Teddy Bear Soft Toy (33 Cm, White, Cream)",450,4.4,4886,3.0,India,https://www.amazon.in/Amazon-Brand-Jam-Honey-Cream/dp/B083F2X9Y7/ref=sr_1_156?keywords=toys&qid=1675918344&sr=8-156
"Frank Solar System Outer Space Puzzle For 6 Year Old Kids and Above - Fun and Challenging | Educational Toys and Games for Focus, Memory, Mental Boost pack of 1",301,4.4,3916,6.0,India,https://www.amazon.in/Frank-Solar-System-Puzzle-Multi/dp/B01IH8QMVW/ref=sr_1_157?keywords=toys&qid=1675918344&sr=8-157
"Funskool Play, Read & Learn India Toy Map, Educational, 104 Pieces, Puzzle, For 6 year Old Kids And Above, Multi Color",199,4.3,7187,6.0,India,https://www.amazon.in/Funskool-Play-Learn-India-Map-Puzzles/dp/B00ELBBGOI/ref=sr_1_158?keywords=toys&qid=1675918344&sr=8-158
"METRO TOY'S & GIFT Metal Lamborghini Centenario Lp 770-4 Model Car, Pack Of 1, Black",998,4.2,4113,0.25,China,https://www.amazon.in/METRO-TOYS-GIFT-Lamborghini-Centenario/dp/B07MB61NGG/ref=sr_1_160?keywords=toys&qid=1675918344&sr=8-160
"Amazon Brand - Jam & Honey Sky Blue Unicorn Soft Toy, 35 cm",375,4.6,303,3.0,India,https://www.amazon.in/Amazon-Brand-Honey-Blue-Unicorn/dp/B096YCYYT2/ref=sr_1_161?keywords=toys&qid=1675918344&sr=8-161
"Centy Toys Plastic Swift Dezire Pull Back Car, Multi color",260,4.0,1947,3.0,India,https://www.amazon.in/Centy-Toys-Swift-Dezire-Multi/dp/B011NXCXQQ/ref=sr_1_162?keywords=toys&qid=1675918344&sr=8-162
"JVM Pretend Play Mini Supermarket Toy Candy Sweet Shopping cart, Pretend Play Kitchen Set Kids Toys for Boys and Girls (Mini Home Supermarket) ice Cream Set Toy for Kids 37 Pieces -Made in India",809,4.0,374,3.0,India,https://www.amazon.in/JVM-Supermarket-Shop-Sound-Effects/dp/B07CTQH6WF/ref=sr_1_164?keywords=toys&qid=1675918344&sr=8-164
"Funskool Learn N Write Slate, 2 in 1 Magnetic & Dry Erase Board, Early Learning, 3 Years & Above, Preschool Toys, Multicolor",649,4.2,3247,3.0,India,https://www.amazon.in/Funskool-Giggles-Learn-Magnetic-Writing-Multicolor/dp/B00ET0MT24/ref=sr_1_169?keywords=toys&qid=1675918344&sr=8-169
"Toyshine Concept Musical and 3D Lights Kids Transparent Car , Toy for 2 to 5 Year Kids Baby Toy, Multicolor",446,4.3,3011,3.0,China,https://www.amazon.in/Toyshine-Concept-Musical-Lights-Transparent/dp/B088ZRY2HF/ref=sr_1_170?keywords=toys&qid=1675918344&sr=8-170
"Funskool Games - Topple, Strategy balancing and skill game, Stack 5 in a row, Kids & Family, 2 - 4 players, 6 & above - Multicolor",409,4.4,1434,6.0,India,https://www.amazon.in/Funskool-4968200-Topple-Multi-Color/dp/B00IKBIKYO/ref=sr_1_171?keywords=toys&qid=1675918344&sr=8-171
"Giggles - Bullock Cart , 2 in Pull Along Toy , Walking,Pretend Play,Colours , 12 Months & Above , Infant and Preschool Toys(Multicolour)",499,4.3,655,1.0,India,https://www.amazon.in/Giggles-Bullock-Cart/dp/B07C4NCP7T/ref=sr_1_172?keywords=toys&qid=1675918344&sr=8-172
"Funskool Plastic Stacking Multicolored Cubes, Blocks With Alphabet, Helps To Sort, Stack And Nest, 12 Months & Above, Infant And Preschool Toys, Multi Color",175,4.5,6380,1.0,India,https://www.amazon.in/Funskool-Giggles-Stacking-Cubes-Multi/dp/B00VVQRW2G/ref=sr_1_173?keywords=toys&qid=1675918344&sr=8-173
"Funskool Giggles - Nuts and Bolts, Interlocking Educational Blocks, Shape & Colours, 18 Months & Above, Infant and Preschool Toys",248,4.3,1292,0.0,India,https://www.amazon.in/Funskool-Nuts-and-Bolts/dp/B009ZC964U/ref=sr_1_174?keywords=toys&qid=1675918344&sr=8-174
"Giggles - Chain Links, Multicolour Interlocking Educational Blocks, Improves creativity and Construction blocks for kids, 6 months & above, Infant and Preschool Toys",199,4.2,1523,1.0,India,https://www.amazon.in/Funskool-Chain-Links/dp/B0075JIW5O/ref=sr_1_175?keywords=toys&qid=1675918344&sr=8-175
Webby Wooden Capital Alphabets Letters Learning Educational Puzzle Toy for Kids,449,4.3,4078,2.0,China,https://www.amazon.in/Webby-Capital-Alphabets-Learning-Educational/dp/B07MN2JMHS/ref=sr_1_176?keywords=toys&qid=1675918344&sr=8-176
Toyshine Wooden Shapes Square Column Blocks Sorting & Stacking Toys for Kids Toddlers for 1 2 3 Year Old -Multi Color (1 pieces),474,4.5,5803,2.0,China,https://www.amazon.in/Toyshine-Wooden-Sorting-Stacking-Toddlers/dp/B08G1FG8YT/ref=sr_1_177?keywords=toys&qid=1675918344&sr=8-177
"Giggles - Twirlly Whirlly Turtle, Pull along toy, Encourages walking, Rattling sound, 12 months & above, Infant and Preschool Toys",349,4.0,4264,2.0,India,https://www.amazon.in/Funskool-2889713400-Twirlly-Whirlly-Turtle/dp/B004RFQDNC/ref=sr_1_179?keywords=toys&qid=1675918344&sr=8-179
"Toyshine Foam Blaster Gun Toy, Safe And Long Range, 10 Bullets - Multicolor",299,3.9,4852,3.0,India,https://www.amazon.in/Toyshine-Foam-Blaster-Range-Bullets/dp/B01N2W68DO/ref=sr_1_180?keywords=toys&qid=1675918344&sr=8-180
"Funskool Giggles - Plastic Mrf Racing Jeep, Multicolour Push and Go vehicle, Develops Hand-Eye coordination, 12 months & above, Infant and Preschool Toys, Multicolor",299,4.2,1620,3.0,India,https://www.amazon.in/Funskool-Racing-Jeep-Multi-Color/dp/B00ET0MRB2/ref=sr_1_181?keywords=toys&qid=1675918344&sr=8-181
Prime Deals Dancing and Spinning Rolling Doll Tumble Monkey Toy Voice Control Banana Monkey with Musical Toy with Light and Sound Effects and Sensor,379,4.2,54,2.0,China,https://www.amazon.in/Dancing-Spinning-Rolling-Monkey-Toy/dp/B0BHZPH4SJ/ref=sr_1_182?keywords=toys&qid=1675918344&sr=8-182
Cable World Plastic 3 in 1 Portable Pretend Food Party Role Cooking Kitchen Play Set Toy for Boys and Girls - Pink,599,3.8,7376,3.0,China,https://www.amazon.in/Cable-Portable-Cooking-Kitchen-Pretend/dp/B08MTW2TNC/ref=sr_1_183?keywords=toys&qid=1675918344&sr=8-183
"Toyshine Plastic Ice Cream Kitchen Play Cart Kitchen Set Toy with Lights and Music for Boys and Girls, Small",827,3.9,2289,3.0,China,https://www.amazon.in/Toyshine-Cream-Kitchen-Lights-Small/dp/B01N0R4PXH/ref=sr_1_186?keywords=toys&qid=1675918344&sr=8-186
"Fisher Price Original Baby's Plastic First Blocks, To Sort, Stack and Drop ( Yellow ) (12 pieces)",372,4.4,4210,1.0,India,https://www.amazon.in/Fisher-Pri-71024-Babys-Blocks/dp/B00005N9YF/ref=sr_1_188?keywords=toys&qid=1675918344&sr=8-188
"Giggles - Icecream Teether , Teether for Babies to soothen their gums, Easy to Grasp,hold and chew, 3 months & above, Infant Toys",125,3.7,2438,0.25,India,https://www.amazon.in/Funskool-Icecream-Teether-Colors-Vary/dp/B009ZC9ZDC/ref=sr_1_189?keywords=toys&qid=1675918344&sr=8-189
Webby Wooden Animals Montessori Educational Pre-School Puzzle Board Toy for Boys and Girls,299,4.3,63,3.0,India,https://www.amazon.in/Webby-Animals-Educational-School-Wooden/dp/B09CD6H69P/ref=sr_1_191?keywords=toys&qid=1675918344&sr=8-191
"SchoolWaale Push Pop It Bubble Fidget Toy, Stress Relief and Anti-Anxiety Tools Round for Autism to Relieve Stress Sensory Toy for Kids and Adult (Random Color Will be Given, Multicolor)",65,4.0,406,1.0,India,https://www.amazon.in/SchoolWaale-Anti-Anxiety-Relieve-Sensory-Multicolor/dp/B09SVGZY9Z/ref=sr_1_192?keywords=toys&qid=1675918344&sr=8-192
"Toyshine Flash Drum with 3D Lights, Music Baby Toy for 2 3 4 Year Kid Boy Girl",475,3.5,391,3.0,India,https://www.amazon.in/Toyshine-Flash-Drum-Lights-Music/dp/B01MTJABXD/ref=sr_1_193?keywords=toys&qid=1675918344&sr=8-193
"FunBlast Roll Swirling Tower for Baby & Toddler Educational Toys | Stack, Drop and Go Ball Ramp Toy Set Includes 3 Spinning Activity Balls - Multicolor",541,4.2,225,0.5,India,https://www.amazon.in/FunBlast-Swirling-Educational-Spinning-Activity/dp/B0817TBSCB/ref=sr_1_194?keywords=toys&qid=1675918344&sr=8-194
"HUG 'n' FEEL SOFT TOYS Unicorn | Toy for Baby Girl Boy | Horse Toys for Kids Playing | Birthday Gifts for Boys and Girls | (30 Cms, Stuffed Animal Yellow, Smooth Cushion Material)",235,4.1,27519,1.0,India,https://www.amazon.in/HUG-FEEL-SOFT-TOYS-Lovable/dp/B08F2SYJ6S/ref=sr_1_195?keywords=toys&qid=1675918344&sr=8-195
"Prime Deals Monkey Heavy Plastic Ball Drop Toy for Babies and Toddlers | New 5 Layer Tower Run with Swirling Ramps and 3 Puzzle Rattle Balls, Best Educational Development Toy Set for Kids(Multicolour)",498,4.5,919,1.0,China,https://www.amazon.in/Prime-Deals-Toddlers-Educational-Development/dp/B081D47BLR/ref=sr_1_197?keywords=toys&qid=1675918344&sr=8-197
itoys Princess 5 in 1 Writing Board for Kids with Activity Sheets,879,3.9,1144,3.0,India,https://www.amazon.in/itoys-Writing-Board-Activity-Sheets/dp/B083QJKJ2V/ref=sr_1_198?keywords=toys&qid=1675918344&sr=8-198
"NHR Combo Set of 2 Foam Blaster Gun Toy, Safe and Long Range Shooting Gun, (10 Foam Bullets and 10 Suction Dart Bullets) Multicolor",449,3.8,1889,8.0,India,https://www.amazon.in/NHR-Blaze-Blaster-Shooting-Bullets/dp/B07Z1XVMML/ref=sr_1_200?keywords=toys&qid=1675918344&sr=8-200
Littleâs Little's 3 in 1 Infant Classic Gift Pack I Activity & Learning Toys for Babies I Multicolour I Infant & Preschool Toys I Develops fine Motor Skills & Reasoning Skills | 5 Months and Above,475,4.3,67,0.42,India,https://www.amazon.in/sspa/click?ie=UTF8&spc=MToxNzg0MjM4MTA2MTE1NTAxOjE2NzU5MTgzNDQ6c3BfYnRmOjIwMDgzMzQ4NzI3NTk4OjowOjo&url=%2FLittle%25C3%25A2s-Littles-Multicolour-Preschool-Reasoning%2Fdp%2FB0BG3BK9WT%2Fref%3Dsr_1_203_sspa%3Fkeywords%3Dtoys%26qid%3D1675918344%26sr%3D8-203-spons%26sp_csd%3Dd2lkZ2V0TmFtZT1zcF9idGY%26psc%3D1
The Ng Art Talking Flash Card Learning Device Toy Early Learning 224 Words Sounds Music Playing Game - USB Rechargeable for Kids (1-6 Years) Toddlers Preschool Education,474,3.9,19,3.0,China,https://www.amazon.in/sspa/click?ie=UTF8&spc=MToxNzg0MjM4MTA2MTE1NTAxOjE2NzU5MTgzNDQ6c3BfYnRmOjIwMTE1NDcyMTY1ODk4OjowOjo&url=%2FNg-Art-Talking-Learning-Playing%2Fdp%2FB0BLT1CPLD%2Fref%3Dsr_1_204_sspa%3Fkeywords%3Dtoys%26qid%3D1675918344%26sr%3D8-204-spons%26sp_csd%3Dd2lkZ2V0TmFtZT1zcF9idGY%26psc%3D1
IMTION 2 in 1 (Train High-Speed Battery Operated Metro Train + Free 4 Pcs Air Flying Hand speen Toy) Bullet Train Toy Set Game with Tracks and Signals for Kids - Silver,198,2.9,60,6.0,India,https://www.amazon.in/IMTION-High-Speed-Battery-Operated-Signals/dp/B0B53QDZ82/ref=sr_1_200?keywords=toys&qid=1675918560&sr=8-200
Wembley Toys Talking Cactus Baby Toys for Kids Dancing Cactus Toys Can Sing Wriggle & Singing Recording Repeat What You Say Funny Education Toys for Children Playing Home Decor Items for Kids,679,3.6,6042,0.25,China,https://www.amazon.in/Wembley-Creative-Educational-Children-Rechargeable/dp/B09MK5F7V7/ref=sr_1_202?keywords=toys&qid=1675918560&sr=8-202
"Wonderhood Hammer and peg Toy for 2+ Year Old Boy/ Girl/ Toddler/ Child- STEM Motor Skill, Kids Early Development Pretend Play Toy, Fun Learning Educational Game (Multicolor)",799,4.6,14,2.0,India,https://www.amazon.in/Wonderhood-Toddler-Development-Learning-Educational/dp/B0B2RGKYCL/ref=sr_1_203?keywords=toys&qid=1675918560&sr=8-203
Storio Baby Toys Play Kit 36,124,4.0,63,2.0,India,https://www.amazon.in/Storio-Baby-Toys-Play-Kit/dp/B09CTR1N58/ref=sr_1_205?keywords=toys&qid=1675918560&sr=8-205
Mirada Unicorn Soft Toy with Glitter Horn - 29cm Light Pink,619,4.5,495,0.5,India,https://www.amazon.in/Mirada-Plush-Super-Unicorn-Standing/dp/B08K4NWGTR/ref=sr_1_206?keywords=toys&qid=1675918560&sr=8-206
"ButterflyEduFields Magnetic Alphabets and Numbers, 140+ Letter Magnets Words with 50 Pictures, Magnetic Board & Spelling Guide | 5 Color Soft Foam Learning Educational Toys for Kids 3 4 5 Years",699,3.9,6997,2.0,India,https://www.amazon.in/ButterflyEduFields-Alphabet-Pictures-Magnetic-Educational/dp/B08KSFYMYW/ref=sr_1_208?keywords=toys&qid=1675918560&sr=8-208
Prime Deals Set of 20 Dinosaur Toy for Kids Action Figure Animal Model Collection Learning & Educational Kids Gift Jurassic Sickle Dragon Model Simulation 14 Dinosaur 4 Barricade 2 Tree - Mix Size,544,4.5,206,2.0,China,https://www.amazon.in/pretend-playset-kitchen-toddler-children/dp/B08LNS59GN/ref=sr_1_209?keywords=toys&qid=1675918560&sr=8-209
Webby Octopus Plush Stuffed Animal Toy Assorted - 1piece,249,4.3,1393,1.5,India,https://www.amazon.in/Webby-Reversible-Octopus-Stuffed-Assorted/dp/B08R8SBGC4/ref=sr_1_210?keywords=toys&qid=1675918560&sr=8-210
"Einstein Box Gift Set for Babies, Newborns and Infants of Age 1-3-6-9-12 Months | High Contrast Gift Set with Set of Rattles+ High Contrast Books+ High Contrast Flashcards| for Baby Boys & Girls",699,4.4,1661,1.0,India,https://www.amazon.in/Einstein-Newborns-1-3-6-9-12-Contrast-Flashcards/dp/B09BCQ52R8/ref=sr_1_211?keywords=toys&qid=1675918560&sr=8-211
Wembley USB Rechargeable Hover Football | Indoor Floating Hoverball | Disc with Soft Foam Bumpers | Colorful LED Lights | Air Football Soccer Game for Kids | Made in India | BIS-Approved | Grey,599,4.1,249,3.0,India,https://www.amazon.in/Wembley-Rechargeable-Football-Hoverball-BIS-Approved/dp/B0BGQ4ST3J/ref=sr_1_212?keywords=toys&qid=1675918560&sr=8-212
"Cable World Plastic Battery Operated Converting Car to Robot, Robot to Car Automatically,Robot Toy, with Light and Sound for Kids Indoor and Outdoor 3 Year, Pack of 1, Red or Blue",449,4.1,790,1.0,China,https://www.amazon.in/world%C2%AE-electric-dancing-battery-operated/dp/B08D7NCQ5N/ref=sr_1_217?keywords=toys&qid=1675918560&sr=8-217
Wembley Dancing Monkey Musical Toys for Kids Baby Spinning Rolling Doll Tumble Toy with Voice Control Musical Light and Sound Effects with Sensor ISI Mark - Made in India,399,4.0,123,3.0,India,https://www.amazon.in/Wembley-Dancing-Musical-Spinning-Rolling/dp/B0BHHKR9DN/ref=sr_1_220?keywords=toys&qid=1675918560&sr=8-220
"Nerf Disruptor Elite Toy Blaster 6-Dart Rotating Drum, Slam Fire, Includes 6 Official Nerf Elite Darts, Toys for Kids, Teens, Adults, , Boys and Girls, Outdoor toys",909,4.1,26320,8.0,India,https://www.amazon.in/Nerf-N-Strike-Elite-Disruptor/dp/B01IK52REI/ref=sr_1_221?keywords=toys&qid=1675918560&sr=8-221
Babique Dimple Mini Keychain Pop its Fidget Toys Silicone Stress Relief Rainbow Toys Gifts for Girls Boys Kids Adults,69,3.7,313,2.0,India,https://www.amazon.in/Babique-Dimple-Keychain-Silicone-Rainbow/dp/B09Q1C3PDT/ref=sr_1_222?keywords=toys&qid=1675918560&sr=8-222
"Giggles - Baby Giraffe Rattle , Colourful Animal rattle for New born baby, Stimulates Senses,Rattling sound, 6 months & above, Infant Toys",123,4.4,206,0.0,India,https://www.amazon.in/Funskool-Baby-Giraffe-Rattle-Colors/dp/B009ZC6VLQ/ref=sr_1_223?keywords=toys&qid=1675918560&sr=8-223
"FunBlast DIY Plastic Toy Vehicles Set - Assembly Toy Farm Truck Construction Set, Building Vehicle Play Set with Screwdriver, Toy for 3+ Year Old Boys,Kids,Girls (Multicolor)",890,4.3,844,3.0,India,https://www.amazon.in/FunBlast-DIY-Toy-Vehicles-Set/dp/B0821GB8BR/ref=sr_1_225?keywords=toys&qid=1675918560&sr=8-225
"Toyshine Sun and Moon Wooden Shape, Objects, Color Recognition Rolling Bead Maze Labyrinth Toy",749,4.3,171,2.0,China,https://www.amazon.in/toyshine-obejects-recognition-rolling-labyrinth/dp/B08LTDMTW8/ref=sr_1_226?keywords=toys&qid=1675918560&sr=8-226
"Toyshine Take Apart Toys 4 Pack - DIY Construction Engineering Car Toy, Kids STEM Sand Toys for Toddlers Age 3-5, Building Sandbox Toys Truck, Birthday Gifts for Boys 2 3 4 5 6 Year Old",499,4.6,11362,3.0,China,https://www.amazon.in/Toyshine-Take-Apart-Toys-Pack/dp/B0B8ZR7HW7/ref=sr_1_227?keywords=toys&qid=1675918560&sr=8-227
Cable World Beauty Kit Toy Set for Kids Pretend Play Non Toxic Beauty Makeup Kit Set for Baby Girl Indoor Game Best Gift for Birthday Festivals etc.,399,3.0,620,3.0,China,https://www.amazon.in/Cable-World-Pretend-Birthday-Festivals/dp/B09FQ1TF5Q/ref=sr_1_228?keywords=toys&qid=1675918560&sr=8-228
Centy Toys Telco Truck - Multicolor by Krasa,309,3.9,111,12.0,India,https://www.amazon.in/Centy-Toys-Telco-Truck-Multicolor/dp/B076HQPZBM/ref=sr_1_229?keywords=toys&qid=1675918560&sr=8-229
"SR TOYS Colourful Funny Key Operated Wind Up Jumping Bee, Squirrel & Sparrow Toy for Kids 2 3 4 5 Years Baby Boy and Baby Girl (Pack of 3 )",499,3.9,41,0.5,China,https://www.amazon.in/SR-TOYS-Colourful-Operated-Squirrel/dp/B09MPKQG1T/ref=sr_1_230?keywords=toys&qid=1675918560&sr=8-230
"Smartcraft Learning Planet System, Planetarium Toy Set - Solar System Educational Toy for Kids- Multicolor",499,3.6,88,3.0,China,https://www.amazon.in/Smartcraft-Learning-Planet-System-Planetarium/dp/B08G8QWCMM/ref=sr_1_231?keywords=toys&qid=1675918560&sr=8-231
"Toyshine Wooden Memory Match Stick Chess Game Set, Funny Block Board Game Parent-Child Interaction Toy for Boys and Girls Age 3 and Up",699,4.4,281,3.0,China,https://www.amazon.in/Toyshine-Wooden-Memory-Parent-Child-Interaction/dp/B09KTB6X8J/ref=sr_1_233?keywords=toys&qid=1675918560&sr=8-233
BAKKU TOYS Teddy Cute Unicorn Toy Gift Birthday Soft [ Set Off 2 ] Stuffed Animal Girls/ Boys Lovable Hug able | Yellow Pink 28 cm Child Friend Modal no 241,333,4.0,17,1.0,India,https://www.amazon.in/Unicorn-Birthday-Stuffed-Animal-Lovable/dp/B09KHFZ3TV/ref=sr_1_238?keywords=toys&qid=1675918560&sr=8-238
"Funskool-Batmobile,Classic,4 inches,Collectible,for 4 Year Old Kids and Above,Toy",995,4.1,807,4.0,India,https://www.amazon.in/Funskool-Batman-Batmobile/dp/B07JCZN31G/ref=sr_1_239?keywords=toys&qid=1675918560&sr=8-239
"Okean Dinosaur Toys For Kids,Electronic Walking Dinosaur With Spray And Lightingtake Apart Dinosaur Assemblable Transparent Mechanical Tyrannosaurus Rex Stem Building Kids Toys - Color May Vary",998,4.0,31,3.0,China,https://www.amazon.in/Okean-Lightingtake-Assemblable-Transparent-Tyrannosaurus/dp/B0BC2D5DK7/ref=sr_1_240?keywords=toys&qid=1675918560&sr=8-240
"Cable World ® 200+ Assembly Colorful Straw Educational Plastic Building Blocks for Kids (Include 200+ Stick, Multicolour)",199,4.2,2220,2.0,China,https://www.amazon.in/Cable-Assembly-Colorful-Educational-Building/dp/B08PFKVZPK/ref=sr_1_241?keywords=toys&qid=1675918560&sr=8-241
"SUPER TOY Dancing Cactus Talking Plush Toy with Singing & Recording Function - Repeat What You Say - Pack of 1, Rechargeable Cable Included",649,3.8,607,0.25,China,https://www.amazon.in/SUPER-TOY-Dancing-Recording-Function/dp/B09RKCNF2J/ref=sr_1_242?keywords=toys&qid=1675918560&sr=8-242
"Webby Plush Husky Dog Stuffed Animal Puppy Soft Toy, Adorable Gifts for Kids and Adult, 30CM (Grey)",499,4.7,24,2.0,India,https://www.amazon.in/Webby-Plush-Stuffed-Animal-Adorable/dp/B0B42TFR9D/ref=sr_1_243?keywords=toys&qid=1675918560&sr=8-243
"Generic Cactus Talking Toy, Cactus Toy, Wriggle Singing Recording Repeats What You Say Funny Education Toys for Babies Children Playing, Chargeable Toy",469,4.0,11,5.0,China,https://www.amazon.in/Cactus-Talking-Toy-Recording-Chargeable/dp/B0B1WZVX8B/ref=sr_1_244?keywords=toys&qid=1675918560&sr=8-244
PLUSPOINT Educational Kit Toy for Kids Wooden Hammer Ball Knock Pounding Bench with Box Case Fine Motor and Dexterity Skills Early Educational Toy Set for Kids 2+ Years (Small Hammer Table),327,4.0,1021,1.0,India,https://www.amazon.in/PLUSPOINT-Educational-Wooden-Pounding-Dexterity/dp/B099ZZ8DQH/ref=sr_1_246?keywords=toys&qid=1675918560&sr=8-246
"WISHKEY Plastic Realistic & Classy Modern Design High Speed Rechargeable Remote Control Racing Car , RC Vehicle Toy for Kids (Pack of 1, Multicolor)",699,3.5,2357,3.0,India,https://www.amazon.in/WISHKEY-Plastic-Realistic-Rechargeable-Multicolor/dp/B09HXFXN4G/ref=sr_1_247?keywords=toys&qid=1675918560&sr=8-247
"BAKKU TOYS Unicorn Soft Toys for Girls Gift | Teddy |Birthday Gift Boy/Girl | Lovable hugable Cute Giant Life Size, Long Soft Toy (28 cm Unicorn, C Green) Modal NO 473",198,3.6,20,1.0,India,https://www.amazon.in/Bakku-Unicorn-Birthday-Lovable-hugable/dp/B09K4GH4CC/ref=sr_1_248?keywords=toys&qid=1675918560&sr=8-248
"Jambuwala Enterprise® Spiderman Crawling Action Toy with Lights and Sound, Spiderman Crawls with Gun and Shooting Sound, Spiderman with Gun Toy for Kids,Boys,Girls,Childrens,Multicolor",299,3.3,8,0.5,China,https://www.amazon.in/Jambuwala-Enterprise%C2%AE-Spiderman-Childrens-Multicolor/dp/B0BK135D9J/ref=sr_1_246?keywords=toys&qid=1675918755&sr=8-246
"HIRNAYA Car Race Tracks for Boys Car Adventure Toys for 3+ Year Old Boys Girls, City Rescue Preschool Educational Toy Vehicle Puzzle Car Track Playsets for Toddler (Car Race Track)",1499,4.3,250,2.0,China,https://www.amazon.in/HIRNAYA-Car-Adventure-Toy-Educational/dp/B097ZQY31L/ref=sr_1_247?keywords=toys&qid=1675918755&sr=8-247
"Giggles Funskool Giggles - Orange Teether, Teether for Babies to sooth their gums, Easy to Grasp and chew with rattle sounds, 3 months & above, Infant Toys",175,3.8,1340,0.0,India,https://www.amazon.in/Funskool-9647000-Orange-Teether-Rattle/dp/B009ZC947E/ref=sr_1_248?keywords=toys&qid=1675918755&sr=8-248
IMTION ® 3 in 1 ( 4 Pcs Air Flying Toys Hand Speen + 1000 Pcs Water Ball + 10 Water Growing Animal ) for Kids Magic Water Ball,69,3.9,3,6.0,India,https://www.amazon.in/IMTION-Flying-Speen-Growing-Animal/dp/B0BBC1WFZQ/ref=sr_1_250?keywords=toys&qid=1675918755&sr=8-250
Ratna's Musical Rattle for Toddlers. Best Toy for Infants.(Multicolour),135,4.0,268,0.5,India,https://www.amazon.in/Ratnas-musical-toddlers-infants-MULTICOLOUR/dp/B0761WG84Q/ref=sr_1_252?keywords=toys&qid=1675918755&sr=8-252
"Galaxy Hi-Tech Plastic Deformation Robot Car, Pack Of 1, Green",649,4.1,1926,1.0,China,https://www.amazon.in/Galaxy-Hi-Tech-Plastic-Deformation-Robot/dp/B08MXYDTSX/ref=sr_1_253?keywords=toys&qid=1675918755&sr=8-253
"Giggles - Clack Fish , Teether for Babies to soothen their gums, Easy to Grasp,hold and chew, 3 months & above, Infant Toys",125,4.0,953,0.0,India,https://www.amazon.in/Funskool-9921500-Clack-Fish/dp/B009RENMU0/ref=sr_1_254?keywords=toys&qid=1675918755&sr=8-254
"Chocozone Pack of 25 Squishy Toys Squishies Animals Squeeze Toys Stress Balls Cute Birthday Party Favors Squishy Toy for Kids, Multicolor",606,3.6,29,3.0,China,https://www.amazon.in/Chocozone-Squishy-Squishies-Birthday-Multicolor/dp/B0B84SFHDH/ref=sr_1_255?keywords=toys&qid=1675918755&sr=8-255
"Giggles - Stack A Boat, 2 in 1 Pull Along Toy, Walking, Shape Sorting,Pretend Play, 12 Months & Above, Infant and Preschool Toys",499,4.2,241,1.0,India,https://www.amazon.in/Giggles-Stack-Boat-Multi-Color/dp/B01M6XY03U/ref=sr_1_257?keywords=toys&qid=1675918755&sr=8-257
Amisha Gift Gallery® Toys School Bus Toy for Kids - Yellow,323,4.1,276,3.0,India,https://www.amazon.in/Amisha-Gift-Gallery-Centy-School/dp/B07NGG8P8C/ref=sr_1_258?keywords=toys&qid=1675918755&sr=8-258
"HUG 'n' FEEL SOFT TOYS Long Soft Lovable Huggable Cute Giant Life Size Teddy Bear. (25cm, Avocado)",379,4.1,27519,0.5,India,https://www.amazon.in/HUG-FEEL-SOFT-TOYS-Huggable/dp/B0BLCLG8XJ/ref=sr_1_259?keywords=toys&qid=1675918755&sr=8-259
Toyshine Pack of 4 Toy Cars Push and Go Play Set Friction Powered Car Pull Back Vehicles Transport Tools Gifts for Babies Toddlers Kids Boys Girls Age 3+ Years Old (Including Car Airplane Boat Train),842,4.6,11362,3.0,China,https://www.amazon.in/Toyshine-Friction-Vehicles-Transport-Including/dp/B0B53PJ4V7/ref=sr_1_260?keywords=toys&qid=1675918755&sr=8-260
Edu Toys 1 pcs Soft Foam Tangram Tangrams IQ Puzzle 7 Pieces Educational Puzzle Toy - 5 x 5 inch - Assorted Colours,70,3.5,18,3.0,India,https://www.amazon.in/Tangram-Tangrams-Puzzle-Pieces-Educational/dp/B0927J1TP4/ref=sr_1_265?keywords=toys&qid=1675918755&sr=8-265
"Giggles - Duck Parade , 2 in Pull Along Toy , Drum,Linking,Encourages Walking , 12 Months & Above , Infant and Preschool Toys",597,4.0,117,1.0,India,https://www.amazon.in/Giggles-Duck-Parade/dp/B07C898FLH/ref=sr_1_266?keywords=toys&qid=1675918755&sr=8-266
"METRO TOY'S & GIFT Cars 3 Theme Diecast Metal Toy Car Play Set for Kids Best Gifts Toys for Kids Boys - Set of 6, Multi color",536,4.1,5813,3.0,China,https://www.amazon.in/METRO-TOYS-GIFT-Diecast-Lightning/dp/B07P1MV5C9/ref=sr_1_267?keywords=toys&qid=1675918755&sr=8-267
"Prime Deals Construction Toys 4 Pack Set with Excavator, Bulldozer, Road Roller, Lift Truck Toys, Friction Powered Push and Go Toy Cars for Toddlers, Kids, 1 to 6 Year Old Boy, Girl, Trucks Vehicles",599,4.4,156,2.0,China,https://www.amazon.in/Prime-Deals-Construction-Excavator-Toy/dp/B08L4VMR8Y/ref=sr_1_268?keywords=toys&qid=1675918755&sr=8-268
Centy Toys Cristiano Police - Public Order Response Black,298,4.2,16,1.0,India,https://www.amazon.in/CENTY-TOYS-Cristiano-Police-Response/dp/B0837RRT8S/ref=sr_1_269?keywords=toys&qid=1675918755&sr=8-269
"Webby Kaleidoscope Magical Educational Science Toy (1 PC of Kaleidoscope), Multicolor",149,3.8,121,8.0,India,https://www.amazon.in/Webby-Kaleidoscope-Magical-Educational-Science/dp/B08YRFMHLM/ref=sr_1_270?keywords=toys&qid=1675918755&sr=8-270
"Fisher-Price Laugh & Learn So Big Puppy, Large Musical Plush Toy with Smart Stages Learning Content for Toddlers and Preschool Kids",2222,4.7,316,1.5,Vietnam,https://www.amazon.in/Fisher-Price-Laugh-Learn-Puppy/dp/B08HRCY2QG/ref=sr_1_271?keywords=toys&qid=1675918755&sr=8-271
"Hasbro Gaming Pictureka! Board Game for Family and Kids Ages 6 and Up, Indoor Classic Game, Pack Of 1, Multicolor",799,4.4,450,8.0,India,https://www.amazon.in/Hasbro-Gaming-Pictureka-Family-Classic/dp/B08664L8NN/ref=sr_1_275?keywords=toys&qid=1675918755&sr=8-275
Webby Plush Adorable Standing Cow with Smiling Face Stuffed Soft Doll Toy for Kids,329,4.2,101,2.0,India,https://www.amazon.in/Webby-Adorable-Standing-Smiling-Stuffed/dp/B09MTT8SVZ/ref=sr_1_277?keywords=toys&qid=1675918755&sr=8-277
"Jambuwala Enterprise® Unbreakable Pull Back Vehicles Push and Go Crawling Toy Automobile Car Toy Set for Kids, Boys, Girls, Childrens, Multi Color & Multi Design (Small Size) (Pack of 3)",89,3.7,10,3.0,India,https://www.amazon.in/Jambuwala-Enterprise%C2%AE-Unbreakable-Automobile-Childrens/dp/B0BH16TMY9/ref=sr_1_278?keywords=toys&qid=1675918755&sr=8-278
"IMTION ( Pack of 1 Pcs Snake Toys ) Toys Gifts Rubber Snakes Prank Toy (Multi Colors, 28-inch)",96,3.4,97,6.0,India,https://www.amazon.in/IMTION-Rubber-Snakes-Colors-28-inch/dp/B09DX85R6S/ref=sr_1_279?keywords=toys&qid=1675918755&sr=8-279
"Royal Hub DIY Military Army Car Toy 4 Pack with 1 Screwdriver Tools, Kids STEM Toys Including 1 Helicopter, 1 Jeep, 1 Tank, and 1 Boat for Toddlers Age 3-6, Birthday Gifts for Boys 2 3 4 5 6 Year Old",549,3.9,114,2.0,India,https://www.amazon.in/Royal-Hub-Screwdriver-Including-Helicopter/dp/B0BB2S885T/ref=sr_1_281?keywords=toys&qid=1675918755&sr=8-281
"Disney Bowling Set - Mickey and Friends, Multicolor",349,4.3,3230,4.0,India,https://www.amazon.in/Disney-Bowling-Set-Mickey-Friends/dp/B01M3POPY5/ref=sr_1_283?keywords=toys&qid=1675918755&sr=8-283
Toyzone Puzzle Cube-81364-block Game|Plastic Blocks|Learning Toy|Block Puzzle|Puzzle|Brick Game|Block Toy|Block for Kids (Puzzlecube),236,3.5,2,2.0,India,https://www.amazon.in/Toyzone-Puzzle-Activity-Cube/dp/B097Y5PJJ9/ref=sr_1_284?keywords=toys&qid=1675918755&sr=8-284
HUG 'n' FEEL SOFT TOYS koya Soft Toy BT21 BTS Bangtan Boys Sitting Stuffed Plush Toy Size 30cm,431,4.1,27519,0.5,India,https://www.amazon.in/HUG-FEEL-SOFT-TOYS-Bangtan/dp/B0BRL1DGYX/ref=sr_1_285?keywords=toys&qid=1675918755&sr=8-285
"Toyshine Drum Keyboard Musical Toys with Flashing Lights, Animal Sounds and Songs, Multi Color",799,4.0,648,0.25,China,https://www.amazon.in/Toyshine-Sunshine-Keyboard-Musical-Flashing/dp/B01MSC4TXQ/ref=sr_1_286?keywords=toys&qid=1675918755&sr=8-286
"Giggles - Tea Party Set, 22 Piece Colourful Pretend and Play Tea Set, Language and Social Skills,Role Play, 3 Years & Above, Preschool Toys",367,4.4,493,3.0,,https://www.amazon.in/Giggles-Tea-Party-Multi-Color/dp/B06Y2BGPSD/ref=sr_1_287?keywords=toys&qid=1675918755&sr=8-287
"itoys Theme Peppa Pig Kid's Play House Pipe Tent for Kids, Multicolor",799,4.1,390,3.0,India,https://www.amazon.in/itoys-Peppa-Kids-Play-House/dp/B08CNKSDB3/ref=sr_1_288?keywords=toys&qid=1675918755&sr=8-288
Hetkrishi Toys 1 Pc of Fake Cockroach Practical Jokes and Prank Trick Toys |Multi Color|,80,3.2,32,1.0,India,https://www.amazon.in/Hetkrishi-Cockroach-Practical-Jokes-Prank/dp/B09ZQLTS89/ref=sr_1_289?keywords=toys&qid=1675918755&sr=8-289
"Toyshine Dancing Dog with Music, Flashing Lights (Battery Included)- Multi Color",499,4.0,10145,3.0,China,https://www.amazon.in/Toyshine-Dancing-Flashing-Battery-Included/dp/B085DS2BZ5/ref=sr_1_290?keywords=toys&qid=1675918755&sr=8-290
"Parshya Mini Slide Flashlight Projector Torch For Kids, 24 Different Picture With 3 Slides Gives Clear Picture And Bright Colors Projection, Lighting Toys For Kids, Projector Light Toys For 2 & 3 Year Old Kids Girls & Boys(Random Slides – Multicolor)( Pack Of 1 Set)",265,3.4,42,1.0,India,https://www.amazon.in/Parshya-Flashlight-Projector-Different-Projection/dp/B0BJB6WV2R/ref=sr_1_291?keywords=toys&qid=1675918755&sr=8-291
"TEDSTREE 30cm Skin Friendly Cute Elephant Stuffed Soft Toy for Kids Lovable Huggable Perfect Present for Birthday, Babies & Children -Pink",169,3.7,7855,3.0,India,https://www.amazon.in/TEDSTREE-Friendly-Elephant-Huggable-Birthday/dp/B098TB6HJ3/ref=sr_1_292?keywords=toys&qid=1675918755&sr=8-292
HIGHROOF Apples Mini Puzzle eva mat Kids Games Learning Alphabet Play Toys for Kids - Multicolor,86,3.8,12,3.0,India,https://www.amazon.in/HIGHROOF-Apples-Puzzle-Learning-Alphabet/dp/B09SHVYBQ6/ref=sr_1_293?keywords=toys&qid=1675918755&sr=8-293
"Amazon Brand - Jam & Honey Sewing Toys, Elephant Design",189,3.9,24,2.0,India,https://www.amazon.in/Amazon-Brand-Sewing-Elephant-Design/dp/B0BB4XWW4F/ref=sr_1_294?keywords=toys&qid=1675918755&sr=8-294
"NHR Intelligent Talking Tom Cat, Speaking Robot Cat Repeats What You Say, Touch Recording Rhymes and Songs, Musical Cat Toy for Kids (3+ Years, White)",409,2.7,76,3.0,India,https://www.amazon.in/NHR-Intelligent-Talking-Cat-Recording/dp/B09ZP6Z4FG/ref=sr_1_296?keywords=toys&qid=1675918755&sr=8-296
"Toy'O Fun Marble Run Building Blocks, 84 PCS Classic Big Blocks STEM Toy Bricks Set Kids Race Track Compatible with All Major Brands Bulk Bricks Set for Boys Girls Toddler Age 3,4,5,6,7,8+ (84 PCS)",599,1.8,8,3.0,India,https://www.amazon.in/sspa/click?ie=UTF8&spc=MTo0MTc0MDkyNzc4NDA5MzA2OjE2NzU5MTg3NTU6c3BfYnRmOjIwMTAxMjE0NTI0MDk4OjowOjo&url=%2FBuilding-Classic-Toy-Compatible-Toddler%2Fdp%2FB0BPD1KVWM%2Fref%3Dsr_1_300_sspa%3Fkeywords%3Dtoys%26qid%3D1675918755%26sr%3D8-300-spons%26sp_csd%3Dd2lkZ2V0TmFtZT1zcF9idGY%26psc%3D1
"Toyshine Ice Cream Kitchen Play Cart Kitchen Set Toy with Lights and Music, Yellow",899,3.9,2289,3.0,China,https://www.amazon.in/Toyshine-Cream-Kitchen-Lights-Yellow/dp/B01N4EAD11/ref=sr_1_293?keywords=toys&qid=1675918949&sr=8-293
HUG 'n' FEEL SOFT TOYS Unicorn Flying soft toys for brother/sister (Flying Pink),472,4.1,27519,1.0,India,https://www.amazon.in/HUG-FEEL-SOFT-TOYS-Unicorn/dp/B09HCF22V8/ref=sr_1_294?keywords=toys&qid=1675918949&sr=8-294
"Webby Counting Numbers 2 Pieces Learning Pack Jigsaw Puzzle, Montessori Early Educational Pre School Puzzle Toys for 2+ Years Kid",225,4.2,300,2.0,India,https://www.amazon.in/Webby-Counting-Learning-Montessori-Educational/dp/B09V2K593M/ref=sr_1_295?keywords=toys&qid=1675918949&sr=8-295
"Sky Tech Dancing and Spinning Rolling Doll Tumble Monkey Toy Voice Control Banana Monkey with Musical Toy with Light and Sound Effects and Sensor(Plastic, Pack of 1,Multi Color)",379,3.9,753,1.0,China,https://www.amazon.in/Sky-Dancing-Spinning-Rolling-MixColor/dp/B07ZP5PHCN/ref=sr_1_296?keywords=toys&qid=1675918949&sr=8-296
"Funskool Giggles - Activity Ball, Learning Activity Toy, Multicolour, 12 Months & Above, Infant And Preschool Toys",360,4.4,4262,1.0,India,https://www.amazon.in/Funskool-Activity-Ball/dp/B007UHRZTU/ref=sr_1_298_mod_primary_new?keywords=toys&qid=1675918949&sbo=RZvfv%2F%2FHxDF%2BO5021pAnSA%3D%3D&sr=8-298
Toyzone Dream Palace Doll House(40 Pcs)-44161 | Play Set | Girls Doll House|Play Set with Accessories|4 Dolls with Furniture and Garden|Role Play Set|Age for 3 -8 Years,980,3.8,1735,3.0,India,https://www.amazon.in/Toyzone-44161-Dream-Villa/dp/B00WDYE8TK/ref=sr_1_299?keywords=toys&qid=1675918949&sr=8-299
"Chocozone Battery Operated 81pcs Rotating Building Blocks with Gears for STEM Learning, Educational Building Blocks Toys for 5 Years Old Girls and Boys, Multicolor",599,4.0,1138,0.25,China,https://www.amazon.in/Chocozone-Operated-Rotating-Building-Educational/dp/B07VX8WKXK/ref=sr_1_301?keywords=toys&qid=1675918949&sr=8-301
"Toyshine Transparent Bus Concept Musical and 3D Lights Kids Transparent Car, Toy for 2-5 Year Kids Baby Toy",399,4.4,152,2.0,China,https://www.amazon.in/Toyshine-Transparent-Concept-Musical-Lights/dp/B08YRLZTMZ/ref=sr_1_302?keywords=toys&qid=1675918949&sr=8-302
"EINSTEIN BOX for 3 Year Old Kids | Toys for Kids 3 Years | Baby Boys & Girls, Learning and Educational Gift Pack of Toys, Games and Books, Apron | 3 Years All Toys, Multicolour",699,4.1,3326,3.0,,https://www.amazon.in/Einstein-Box-Girls-Learning-Educational/dp/B01MQISR84/ref=sr_1_304?keywords=toys&qid=1675918949&sr=8-304
"Fundough - Market Place , Cutting and Moulding Playset , 3years + , Multi-Colour",499,4.2,36,3.0,India,https://www.amazon.in/Funskool-Fun-Market-Place-Kids/dp/B01N304DSE/ref=sr_1_307?keywords=toys&qid=1675918949&sr=8-307
"NERF Stinger Sd-1 Alpha Strike Toy Blaster, 8 Darts, for Kids, Teens, Adults",211,4.4,920,8.0,India,https://www.amazon.in/Stinger-Alpha-Strike-Blaster-Adults/dp/B082416N9F/ref=sr_1_308?keywords=toys&qid=1675918949&sr=8-308
"HUG 'n' FEEL SOFT TOYS Long Soft Lovable hugable Cute Giant Life Size Teddy Bear. (18cm Soft Toy, 18cm Blue Penguin)",146,4.1,27519,0.5,India,https://www.amazon.in/HUG-FEEL-SOFT-TOYS-birthday/dp/B09B7CW6SJ/ref=sr_1_314?keywords=toys&qid=1675918949&sr=8-314
